calendar_year,parliament_year,chamber,gold_year,party_id,party_name,nr_seats_snapshot,nr_seats_gold,diff,abs_diff
1912.0,1912,ak,1912,i-851f4cdfa36f4dbab4b24855a1eb43ce,utan_partibeteckning,3,0,3,3
1912.0,1912,ak,1912,i-JmAkiEUKt5ZBgaCKGCMNu2,liberala_samlingspartiet,100,102,-2,2
1912.0,1912,ak,1912,i-NhgK2ujGF5t35o2VjT8Q5U,lantmanna-_och_borgarepartiet_inom_andrakammaren,63,64,-1,1
1912.0,1912,ak,1912,i-PgZ4noUUgrkZvcF5NuPikj,lantmannapartiet,1,0,1,1
1912.0,1912,ak,1912,i-VS8ddgxigwL5TceKtXGApS,socialdemokraterna,63,64,-1,1
1912.0,1912,fk,1912,i-3kDgsboJBSv4zGqF4zfCsY,första_kammarens_nationella_parti,83,86,-3,3
1912.0,1912,fk,1912,i-851f4cdfa36f4dbab4b24855a1eb43ce,utan_partibeteckning,2,0,2,2
1912.0,1912,fk,1912,i-JmAkiEUKt5ZBgaCKGCMNu2,liberala_samlingspartiet,51,52,-1,1
1912.0,1912,fk,1912,i-VS8ddgxigwL5TceKtXGApS,socialdemokraterna,12,12,0,0
1913.0,1913,ak,1912,i-851f4cdfa36f4dbab4b24855a1eb43ce,utan_partibeteckning,2,0,2,2
1913.0,1913,ak,1912,i-JmAkiEUKt5ZBgaCKGCMNu2,liberala_samlingspartiet,100,102,-2,2
1913.0,1913,ak,1912,i-NhgK2ujGF5t35o2VjT8Q5U,lantmanna-_och_borgarepartiet_inom_andrakammaren,64,64,0,0
1913.0,1913,ak,1912,i-PgZ4noUUgrkZvcF5NuPikj,lantmannapartiet,1,0,1,1
1913.0,1913,ak,1912,i-VS8ddgxigwL5TceKtXGApS,socialdemokraterna,63,64,-1,1
1913.0,1913,fk,1912,i-3kDgsboJBSv4zGqF4zfCsY,första_kammarens_nationella_parti,87,86,1,1
1913.0,1913,fk,1912,i-851f4cdfa36f4dbab4b24855a1eb43ce,utan_partibeteckning,1,0,1,1
1913.0,1913,fk,1912,i-JmAkiEUKt5ZBgaCKGCMNu2,liberala_samlingspartiet,49,52,-3,3
1913.0,1913,fk,1912,i-VS8ddgxigwL5TceKtXGApS,socialdemokraterna,13,12,1,1
1914.0,1914,ak,1914,i-851f4cdfa36f4dbab4b24855a1eb43ce,utan_partibeteckning,2,0,2,2
1914.0,1914,ak,1914,i-GM695yHGsRXSAorwcFL7x5,frisinnade_försvarsvänner,5,0,5,5
1914.0,1914,ak,1914,i-JmAkiEUKt5ZBgaCKGCMNu2,liberala_samlingspartiet,100,70,30,30
1914.0,1914,ak,1914,i-NhgK2ujGF5t35o2VjT8Q5U,lantmanna-_och_borgarepartiet_inom_andrakammaren,82,86,-4,4
1914.0,1914,ak,1914,i-PgZ4noUUgrkZvcF5NuPikj,lantmannapartiet,1,0,1,1
1914.0,1914,ak,1914,i-VS8ddgxigwL5TceKtXGApS,socialdemokraterna,73,74,-1,1
1914.0,1914,fk,1914,i-3kDgsboJBSv4zGqF4zfCsY,första_kammarens_nationella_parti,87,88,-1,1
1914.0,1914,fk,1914,i-851f4cdfa36f4dbab4b24855a1eb43ce,utan_partibeteckning,3,0,3,3
1914.0,1914,fk,1914,i-JmAkiEUKt5ZBgaCKGCMNu2,liberala_samlingspartiet,48,49,-1,1
1914.0,1914,fk,1914,i-VS8ddgxigwL5TceKtXGApS,socialdemokraterna,13,13,0,0
1915.0,1915,ak,1915,i-851f4cdfa36f4dbab4b24855a1eb43ce,utan_partibeteckning,6,0,6,6
1915.0,1915,ak,1915,i-JmAkiEUKt5ZBgaCKGCMNu2,liberala_samlingspartiet,55,57,-2,2
1915.0,1915,ak,1915,i-NhgK2ujGF5t35o2VjT8Q5U,lantmanna-_och_borgarepartiet_inom_andrakammaren,82,86,-4,4
1915.0,1915,ak,1915,i-PgZ4noUUgrkZvcF5NuPikj,lantmannapartiet,1,0,1,1
1915.0,1915,ak,1915,i-VS8ddgxigwL5TceKtXGApS,socialdemokraterna,87,87,0,0
1915.0,1915,fk,1915,i-3kDgsboJBSv4zGqF4zfCsY,första_kammarens_nationella_parti,87,89,-2,2
1915.0,1915,fk,1915,i-851f4cdfa36f4dbab4b24855a1eb43ce,utan_partibeteckning,1,0,1,1
1915.0,1915,fk,1915,i-JmAkiEUKt5ZBgaCKGCMNu2,liberala_samlingspartiet,46,47,-1,1
1915.0,1915,fk,1915,i-VS8ddgxigwL5TceKtXGApS,socialdemokraterna,14,14,0,0
1916.0,1916,ak,1915,i-851f4cdfa36f4dbab4b24855a1eb43ce,utan_partibeteckning,5,0,5,5
1916.0,1916,ak,1915,i-JmAkiEUKt5ZBgaCKGCMNu2,liberala_samlingspartiet,55,57,-2,2
1916.0,1916,ak,1915,i-NhgK2ujGF5t35o2VjT8Q5U,lantmanna-_och_borgarepartiet_inom_andrakammaren,82,86,-4,4
1916.0,1916,ak,1915,i-PgZ4noUUgrkZvcF5NuPikj,lantmannapartiet,1,0,1,1
1916.0,1916,ak,1915,i-VS8ddgxigwL5TceKtXGApS,socialdemokraterna,87,87,0,0
1916.0,1916,fk,1915,i-3kDgsboJBSv4zGqF4zfCsY,första_kammarens_nationella_parti,85,89,-4,4
1916.0,1916,fk,1915,i-851f4cdfa36f4dbab4b24855a1eb43ce,utan_partibeteckning,5,0,5,5
1916.0,1916,fk,1915,i-JmAkiEUKt5ZBgaCKGCMNu2,liberala_samlingspartiet,45,47,-2,2
1916.0,1916,fk,1915,i-VS8ddgxigwL5TceKtXGApS,socialdemokraterna,13,14,-1,1
1917.0,1917,ak,1915,i-851f4cdfa36f4dbab4b24855a1eb43ce,utan_partibeteckning,6,0,6,6
1917.0,1917,ak,1915,i-JmAkiEUKt5ZBgaCKGCMNu2,liberala_samlingspartiet,54,57,-3,3
1917.0,1917,ak,1915,i-NhgK2ujGF5t35o2VjT8Q5U,lantmanna-_och_borgarepartiet_inom_andrakammaren,82,86,-4,4
1917.0,1917,ak,1915,i-PgZ4noUUgrkZvcF5NuPikj,lantmannapartiet,1,0,1,1
1917.0,1917,ak,1915,i-SwzbNNYoyZYULLDiTu2zGP,socialdemokratiska_vänstergruppen,14,0,14,14
1917.0,1917,ak,1915,i-VS8ddgxigwL5TceKtXGApS,socialdemokraterna,70,87,-17,17
1917.0,1917,fk,1915,i-3kDgsboJBSv4zGqF4zfCsY,första_kammarens_nationella_parti,85,89,-4,4
1917.0,1917,fk,1915,i-851f4cdfa36f4dbab4b24855a1eb43ce,utan_partibeteckning,3,0,3,3
1917.0,1917,fk,1915,i-JmAkiEUKt5ZBgaCKGCMNu2,liberala_samlingspartiet,43,47,-4,4
1917.0,1917,fk,1915,i-SwzbNNYoyZYULLDiTu2zGP,socialdemokratiska_vänstergruppen,1,0,1,1
1917.0,1917,fk,1915,i-VS8ddgxigwL5TceKtXGApS,socialdemokraterna,15,14,1,1
1918.0,1918,ak,1918,i-851f4cdfa36f4dbab4b24855a1eb43ce,utan_partibeteckning,2,0,2,2
1918.0,1918,ak,1918,i-CNbGLyuzdkRJ2sJBBpzJit,bondeförbundet,9,0,9,9
1918.0,1918,ak,1918,i-JmAkiEUKt5ZBgaCKGCMNu2,liberala_samlingspartiet,61,62,-1,1
1918.0,1918,ak,1918,i-NhgK2ujGF5t35o2VjT8Q5U,lantmanna-_och_borgarepartiet_inom_andrakammaren,55,57,-2,2
1918.0,1918,ak,1918,i-PgZ4noUUgrkZvcF5NuPikj,lantmannapartiet,2,0,2,2
1918.0,1918,ak,1918,i-PvAXgvY3G8qXv1ZM9xudRA,jordbrukarnas_fria_grupp,5,14,-9,9
1918.0,1918,ak,1918,i-SwzbNNYoyZYULLDiTu2zGP,socialdemokratiska_vänstergruppen,10,11,-1,1
1918.0,1918,ak,1918,i-VS8ddgxigwL5TceKtXGApS,socialdemokraterna,85,86,-1,1
1918.0,1918,fk,1918,i-3kDgsboJBSv4zGqF4zfCsY,första_kammarens_nationella_parti,85,88,-3,3
1918.0,1918,fk,1918,i-851f4cdfa36f4dbab4b24855a1eb43ce,utan_partibeteckning,2,0,2,2
1918.0,1918,fk,1918,i-JmAkiEUKt5ZBgaCKGCMNu2,liberala_samlingspartiet,44,45,-1,1
1918.0,1918,fk,1918,i-SwzbNNYoyZYULLDiTu2zGP,socialdemokratiska_vänstergruppen,1,1,0,0
1918.0,1918,fk,1918,i-VS8ddgxigwL5TceKtXGApS,socialdemokraterna,15,16,-1,1
1919.0,1919,ak,1918,i-851f4cdfa36f4dbab4b24855a1eb43ce,utan_partibeteckning,1,0,1,1
1919.0,1919,ak,1918,i-CNbGLyuzdkRJ2sJBBpzJit,bondeförbundet,9,0,9,9
1919.0,1919,ak,1918,i-JmAkiEUKt5ZBgaCKGCMNu2,liberala_samlingspartiet,61,62,-1,1
1919.0,1919,ak,1918,i-NhgK2ujGF5t35o2VjT8Q5U,lantmanna-_och_borgarepartiet_inom_andrakammaren,54,57,-3,3
1919.0,1919,ak,1918,i-PgZ4noUUgrkZvcF5NuPikj,lantmannapartiet,2,0,2,2
1919.0,1919,ak,1918,i-PvAXgvY3G8qXv1ZM9xudRA,jordbrukarnas_fria_grupp,6,14,-8,8
1919.0,1919,ak,1918,i-SwzbNNYoyZYULLDiTu2zGP,socialdemokratiska_vänstergruppen,10,11,-1,1
1919.0,1919,ak,1918,i-VS8ddgxigwL5TceKtXGApS,socialdemokraterna,89,86,3,3
1919.0,1919,fk,1918,i-3kDgsboJBSv4zGqF4zfCsY,första_kammarens_nationella_parti,87,88,-1,1
1919.0,1919,fk,1918,i-851f4cdfa36f4dbab4b24855a1eb43ce,utan_partibeteckning,4,0,4,4
1919.0,1919,fk,1918,i-CNbGLyuzdkRJ2sJBBpzJit,bondeförbundet,7,0,7,7
1919.0,1919,fk,1918,i-JmAkiEUKt5ZBgaCKGCMNu2,liberala_samlingspartiet,46,45,1,1
1919.0,1919,fk,1918,i-PvAXgvY3G8qXv1ZM9xudRA,jordbrukarnas_fria_grupp,7,0,7,7
1919.0,1919,fk,1918,i-SwzbNNYoyZYULLDiTu2zGP,socialdemokratiska_vänstergruppen,2,1,1,1
1919.0,1919,fk,1918,i-VS8ddgxigwL5TceKtXGApS,socialdemokraterna,40,16,24,24
1920.0,1920,ak,1918,i-851f4cdfa36f4dbab4b24855a1eb43ce,utan_partibeteckning,2,0,2,2
1920.0,1920,ak,1918,i-CNbGLyuzdkRJ2sJBBpzJit,bondeförbundet,9,0,9,9
1920.0,1920,ak,1918,i-JmAkiEUKt5ZBgaCKGCMNu2,liberala_samlingspartiet,61,62,-1,1
1920.0,1920,ak,1918,i-NhgK2ujGF5t35o2VjT8Q5U,lantmanna-_och_borgarepartiet_inom_andrakammaren,54,57,-3,3
1920.0,1920,ak,1918,i-PgZ4noUUgrkZvcF5NuPikj,lantmannapartiet,2,0,2,2
1920.0,1920,ak,1918,i-PvAXgvY3G8qXv1ZM9xudRA,jordbrukarnas_fria_grupp,6,14,-8,8
1920.0,1920,ak,1918,i-SwzbNNYoyZYULLDiTu2zGP,socialdemokratiska_vänstergruppen,10,11,-1,1
1920.0,1920,ak,1918,i-VS8ddgxigwL5TceKtXGApS,socialdemokraterna,85,86,-1,1
1920.0,1920,fk,1918,i-3kDgsboJBSv4zGqF4zfCsY,första_kammarens_nationella_parti,36,88,-52,52
1920.0,1920,fk,1918,i-851f4cdfa36f4dbab4b24855a1eb43ce,utan_partibeteckning,4,0,4,4
1920.0,1920,fk,1918,i-CNbGLyuzdkRJ2sJBBpzJit,bondeförbundet,9,0,9,9
1920.0,1920,fk,1918,i-JmAkiEUKt5ZBgaCKGCMNu2,liberala_samlingspartiet,39,45,-6,6
1920.0,1920,fk,1918,i-PvAXgvY3G8qXv1ZM9xudRA,jordbrukarnas_fria_grupp,7,0,7,7
1920.0,1920,fk,1918,i-SwzbNNYoyZYULLDiTu2zGP,socialdemokratiska_vänstergruppen,3,1,2,2
1920.0,1920,fk,1918,i-VS8ddgxigwL5TceKtXGApS,socialdemokraterna,46,16,30,30
1921.0,1921,ak,1921,i-851f4cdfa36f4dbab4b24855a1eb43ce,utan_partibeteckning,2,0,2,2
1921.0,1921,ak,1921,i-CNbGLyuzdkRJ2sJBBpzJit,bondeförbundet,18,0,18,18
1921.0,1921,ak,1921,i-JmAkiEUKt5ZBgaCKGCMNu2,liberala_samlingspartiet,44,47,-3,3
1921.0,1921,ak,1921,i-NhgK2ujGF5t35o2VjT8Q5U,lantmanna-_och_borgarepartiet_inom_andrakammaren,65,71,-6,6
1921.0,1921,ak,1921,i-PvAXgvY3G8qXv1ZM9xudRA,jordbrukarnas_fria_grupp,9,30,-21,21
1921.0,1921,ak,1921,i-SwzbNNYoyZYULLDiTu2zGP,socialdemokratiska_vänstergruppen,5,5,0,0
1921.0,1921,ak,1921,i-TQCUzfkvYhBFrXeQwXoENH,sveriges_kommunistiska_parti,2,2,0,0
1921.0,1921,ak,1921,i-UiFZiVNo3YgVfyN93Qigiv,centerpartiet,1,0,1,1
1921.0,1921,ak,1921,i-VS8ddgxigwL5TceKtXGApS,socialdemokraterna,67,75,-8,8
1921.0,1921,fk,1921,i-3kDgsboJBSv4zGqF4zfCsY,första_kammarens_nationella_parti,35,37,-2,2
1921.0,1921,fk,1921,i-851f4cdfa36f4dbab4b24855a1eb43ce,utan_partibeteckning,2,0,2,2
1921.0,1921,fk,1921,i-CNbGLyuzdkRJ2sJBBpzJit,bondeförbundet,9,0,9,9
1921.0,1921,fk,1921,i-JmAkiEUKt5ZBgaCKGCMNu2,liberala_samlingspartiet,40,40,0,0
1921.0,1921,fk,1921,i-PvAXgvY3G8qXv1ZM9xudRA,jordbrukarnas_fria_grupp,8,19,-11,11
1921.0,1921,fk,1921,i-SwzbNNYoyZYULLDiTu2zGP,socialdemokratiska_vänstergruppen,2,0,2,2
1921.0,1921,fk,1921,i-TQCUzfkvYhBFrXeQwXoENH,sveriges_kommunistiska_parti,1,3,-2,2
1921.0,1921,fk,1921,i-VS8ddgxigwL5TceKtXGApS,socialdemokraterna,48,51,-3,3
1922.0,1922,ak,1922,i-851f4cdfa36f4dbab4b24855a1eb43ce,utan_partibeteckning,1,0,1,1
1922.0,1922,ak,1922,i-CNbGLyuzdkRJ2sJBBpzJit,bondeförbundet,21,21,0,0
1922.0,1922,ak,1922,i-JmAkiEUKt5ZBgaCKGCMNu2,liberala_samlingspartiet,41,41,0,0
1922.0,1922,ak,1922,i-NhgK2ujGF5t35o2VjT8Q5U,lantmanna-_och_borgarepartiet_inom_andrakammaren,60,62,-2,2
1922.0,1922,ak,1922,i-SwzbNNYoyZYULLDiTu2zGP,socialdemokratiska_vänstergruppen,6,6,0,0
1922.0,1922,ak,1922,i-TQCUzfkvYhBFrXeQwXoENH,sveriges_kommunistiska_parti,5,7,-2,2
1922.0,1922,ak,1922,i-VS8ddgxigwL5TceKtXGApS,socialdemokraterna,93,93,0,0
1922.0,1922,fk,1922,i-3kDgsboJBSv4zGqF4zfCsY,första_kammarens_nationella_parti,39,41,-2,2
1922.0,1922,fk,1922,i-851f4cdfa36f4dbab4b24855a1eb43ce,utan_partibeteckning,2,0,2,2
1922.0,1922,fk,1922,i-CNbGLyuzdkRJ2sJBBpzJit,bondeförbundet,18,18,0,0
1922.0,1922,fk,1922,i-JmAkiEUKt5ZBgaCKGCMNu2,liberala_samlingspartiet,39,38,1,1
1922.0,1922,fk,1922,i-SwzbNNYoyZYULLDiTu2zGP,socialdemokratiska_vänstergruppen,1,2,-1,1
1922.0,1922,fk,1922,i-TQCUzfkvYhBFrXeQwXoENH,sveriges_kommunistiska_parti,1,1,0,0
1922.0,1922,fk,1922,i-VS8ddgxigwL5TceKtXGApS,socialdemokraterna,50,50,0,0
1923.0,1923,ak,1922,i-CNbGLyuzdkRJ2sJBBpzJit,bondeförbundet,21,21,0,0
1923.0,1923,ak,1922,i-JmAkiEUKt5ZBgaCKGCMNu2,liberala_samlingspartiet,41,41,0,0
1923.0,1923,ak,1922,i-NhgK2ujGF5t35o2VjT8Q5U,lantmanna-_och_borgarepartiet_inom_andrakammaren,61,62,-1,1
1923.0,1923,ak,1922,i-SwzbNNYoyZYULLDiTu2zGP,socialdemokratiska_vänstergruppen,6,6,0,0
1923.0,1923,ak,1922,i-TQCUzfkvYhBFrXeQwXoENH,sveriges_kommunistiska_parti,5,7,-2,2
1923.0,1923,ak,1922,i-VS8ddgxigwL5TceKtXGApS,socialdemokraterna,93,93,0,0
1923.0,1923,fk,1922,i-3kDgsboJBSv4zGqF4zfCsY,första_kammarens_nationella_parti,38,41,-3,3
1923.0,1923,fk,1922,i-851f4cdfa36f4dbab4b24855a1eb43ce,utan_partibeteckning,3,0,3,3
1923.0,1923,fk,1922,i-CNbGLyuzdkRJ2sJBBpzJit,bondeförbundet,17,18,-1,1
1923.0,1923,fk,1922,i-JmAkiEUKt5ZBgaCKGCMNu2,liberala_samlingspartiet,38,38,0,0
1923.0,1923,fk,1922,i-SwzbNNYoyZYULLDiTu2zGP,socialdemokratiska_vänstergruppen,2,2,0,0
1923.0,1923,fk,1922,i-TQCUzfkvYhBFrXeQwXoENH,sveriges_kommunistiska_parti,1,1,0,0
1923.0,1923,fk,1922,i-VS8ddgxigwL5TceKtXGApS,socialdemokraterna,50,50,0,0
1924.0,1924,ak,1924,i-851f4cdfa36f4dbab4b24855a1eb43ce,utan_partibeteckning,5,0,5,5
1924.0,1924,ak,1924,i-9fghptqkyNzTVdA8knRCGq,liberala_riksdagspartiet,6,6,0,0
1924.0,1924,ak,1924,i-CNbGLyuzdkRJ2sJBBpzJit,bondeförbundet,21,21,0,0
1924.0,1924,ak,1924,i-NhgK2ujGF5t35o2VjT8Q5U,lantmanna-_och_borgarepartiet_inom_andrakammaren,62,62,0,0
1924.0,1924,ak,1924,i-TQCUzfkvYhBFrXeQwXoENH,sveriges_kommunistiska_parti,5,7,-2,2
1924.0,1924,ak,1924,i-V7MTfG5XaAmjbSDtLkyyfc,frisinnade_folkpartiet,30,35,-5,5
1924.0,1924,ak,1924,i-VS8ddgxigwL5TceKtXGApS,socialdemokraterna,99,93,6,6
1924.0,1924,fk,1924,i-3kDgsboJBSv4zGqF4zfCsY,första_kammarens_nationella_parti,41,41,0,0
1924.0,1924,fk,1924,i-851f4cdfa36f4dbab4b24855a1eb43ce,utan_partibeteckning,4,0,4,4
1924.0,1924,fk,1924,i-9fghptqkyNzTVdA8knRCGq,liberala_riksdagspartiet,12,14,-2,2
1924.0,1924,fk,1924,i-CNbGLyuzdkRJ2sJBBpzJit,bondeförbundet,17,18,-1,1
1924.0,1924,fk,1924,i-JmAkiEUKt5ZBgaCKGCMNu2,liberala_samlingspartiet,1,0,1,1
1924.0,1924,fk,1924,i-TQCUzfkvYhBFrXeQwXoENH,sveriges_kommunistiska_parti,1,1,0,0
1924.0,1924,fk,1924,i-V7MTfG5XaAmjbSDtLkyyfc,frisinnade_folkpartiet,21,24,-3,3
1924.0,1924,fk,1924,i-VS8ddgxigwL5TceKtXGApS,socialdemokraterna,52,50,2,2
1925.0,1925,ak,1925,i-851f4cdfa36f4dbab4b24855a1eb43ce,utan_partibeteckning,3,2,1,1
1925.0,1925,ak,1925,i-9fghptqkyNzTVdA8knRCGq,liberala_riksdagspartiet,4,4,0,0
1925.0,1925,ak,1925,i-CNbGLyuzdkRJ2sJBBpzJit,bondeförbundet,23,23,0,0
1925.0,1925,ak,1925,i-NhgK2ujGF5t35o2VjT8Q5U,lantmanna-_och_borgarepartiet_inom_andrakammaren,66,65,1,1
1925.0,1925,ak,1925,i-TQCUzfkvYhBFrXeQwXoENH,sveriges_kommunistiska_parti,4,5,-1,1
1925.0,1925,ak,1925,i-V7MTfG5XaAmjbSDtLkyyfc,frisinnade_folkpartiet,27,27,0,0
1925.0,1925,ak,1925,i-VS8ddgxigwL5TceKtXGApS,socialdemokraterna,103,104,-1,1
1925.0,1925,fk,1925,i-3kDgsboJBSv4zGqF4zfCsY,första_kammarens_nationella_parti,41,44,-3,3
1925.0,1925,fk,1925,i-851f4cdfa36f4dbab4b24855a1eb43ce,utan_partibeteckning,4,2,2,2
1925.0,1925,fk,1925,i-9fghptqkyNzTVdA8knRCGq,liberala_riksdagspartiet,12,13,-1,1
1925.0,1925,fk,1925,i-CNbGLyuzdkRJ2sJBBpzJit,bondeförbundet,17,18,-1,1
1925.0,1925,fk,1925,i-TQCUzfkvYhBFrXeQwXoENH,sveriges_kommunistiska_parti,1,1,0,0
1925.0,1925,fk,1925,i-UiFZiVNo3YgVfyN93Qigiv,centerpartiet,1,0,1,1
1925.0,1925,fk,1925,i-V7MTfG5XaAmjbSDtLkyyfc,frisinnade_folkpartiet,21,20,1,1
1925.0,1925,fk,1925,i-VS8ddgxigwL5TceKtXGApS,socialdemokraterna,52,52,0,0
1926.0,1926,ak,1925,i-851f4cdfa36f4dbab4b24855a1eb43ce,utan_partibeteckning,1,2,-1,1
1926.0,1926,ak,1925,i-9fghptqkyNzTVdA8knRCGq,liberala_riksdagspartiet,4,4,0,0
1926.0,1926,ak,1925,i-CNbGLyuzdkRJ2sJBBpzJit,bondeförbundet,23,23,0,0
1926.0,1926,ak,1925,i-NhgK2ujGF5t35o2VjT8Q5U,lantmanna-_och_borgarepartiet_inom_andrakammaren,65,65,0,0
1926.0,1926,ak,1925,i-TQCUzfkvYhBFrXeQwXoENH,sveriges_kommunistiska_parti,4,5,-1,1
1926.0,1926,ak,1925,i-V7MTfG5XaAmjbSDtLkyyfc,frisinnade_folkpartiet,28,27,1,1
1926.0,1926,ak,1925,i-VS8ddgxigwL5TceKtXGApS,socialdemokraterna,105,104,1,1
1926.0,1926,fk,1925,i-3kDgsboJBSv4zGqF4zfCsY,första_kammarens_nationella_parti,43,44,-1,1
1926.0,1926,fk,1925,i-851f4cdfa36f4dbab4b24855a1eb43ce,utan_partibeteckning,3,2,1,1
1926.0,1926,fk,1925,i-9fghptqkyNzTVdA8knRCGq,liberala_riksdagspartiet,9,13,-4,4
1926.0,1926,fk,1925,i-CNbGLyuzdkRJ2sJBBpzJit,bondeförbundet,15,18,-3,3
1926.0,1926,fk,1925,i-F6Stwe8wVnSPa3BbgusszQ,moderata_samlingspartiet,1,0,1,1
1926.0,1926,fk,1925,i-TQCUzfkvYhBFrXeQwXoENH,sveriges_kommunistiska_parti,1,1,0,0
1926.0,1926,fk,1925,i-UiFZiVNo3YgVfyN93Qigiv,centerpartiet,1,0,1,1
1926.0,1926,fk,1925,i-V7MTfG5XaAmjbSDtLkyyfc,frisinnade_folkpartiet,24,20,4,4
1926.0,1926,fk,1925,i-VS8ddgxigwL5TceKtXGApS,socialdemokraterna,51,52,-1,1
1927.0,1927,ak,1925,i-851f4cdfa36f4dbab4b24855a1eb43ce,utan_partibeteckning,1,2,-1,1
1927.0,1927,ak,1925,i-9fghptqkyNzTVdA8knRCGq,liberala_riksdagspartiet,4,4,0,0
1927.0,1927,ak,1925,i-CNbGLyuzdkRJ2sJBBpzJit,bondeförbundet,23,23,0,0
1927.0,1927,ak,1925,i-NhgK2ujGF5t35o2VjT8Q5U,lantmanna-_och_borgarepartiet_inom_andrakammaren,65,65,0,0
1927.0,1927,ak,1925,i-TQCUzfkvYhBFrXeQwXoENH,sveriges_kommunistiska_parti,4,5,-1,1
1927.0,1927,ak,1925,i-V7MTfG5XaAmjbSDtLkyyfc,frisinnade_folkpartiet,28,27,1,1
1927.0,1927,ak,1925,i-VS8ddgxigwL5TceKtXGApS,socialdemokraterna,105,104,1,1
1927.0,1927,fk,1925,i-3kDgsboJBSv4zGqF4zfCsY,första_kammarens_nationella_parti,45,44,1,1
1927.0,1927,fk,1925,i-851f4cdfa36f4dbab4b24855a1eb43ce,utan_partibeteckning,3,2,1,1
1927.0,1927,fk,1925,i-9fghptqkyNzTVdA8knRCGq,liberala_riksdagspartiet,8,13,-5,5
1927.0,1927,fk,1925,i-CNbGLyuzdkRJ2sJBBpzJit,bondeförbundet,15,18,-3,3
1927.0,1927,fk,1925,i-F6Stwe8wVnSPa3BbgusszQ,moderata_samlingspartiet,1,0,1,1
1927.0,1927,fk,1925,i-TQCUzfkvYhBFrXeQwXoENH,sveriges_kommunistiska_parti,1,1,0,0
1927.0,1927,fk,1925,i-UiFZiVNo3YgVfyN93Qigiv,centerpartiet,1,0,1,1
1927.0,1927,fk,1925,i-V7MTfG5XaAmjbSDtLkyyfc,frisinnade_folkpartiet,23,20,3,3
1927.0,1927,fk,1925,i-VS8ddgxigwL5TceKtXGApS,socialdemokraterna,52,52,0,0
1928.0,1928,ak,1925,i-851f4cdfa36f4dbab4b24855a1eb43ce,utan_partibeteckning,1,2,-1,1
1928.0,1928,ak,1925,i-9fghptqkyNzTVdA8knRCGq,liberala_riksdagspartiet,4,4,0,0
1928.0,1928,ak,1925,i-CNbGLyuzdkRJ2sJBBpzJit,bondeförbundet,23,23,0,0
1928.0,1928,ak,1925,i-NhgK2ujGF5t35o2VjT8Q5U,lantmanna-_och_borgarepartiet_inom_andrakammaren,64,65,-1,1
1928.0,1928,ak,1925,i-TQCUzfkvYhBFrXeQwXoENH,sveriges_kommunistiska_parti,4,5,-1,1
1928.0,1928,ak,1925,i-V7MTfG5XaAmjbSDtLkyyfc,frisinnade_folkpartiet,28,27,1,1
1928.0,1928,ak,1925,i-VS8ddgxigwL5TceKtXGApS,socialdemokraterna,105,104,1,1
1928.0,1928,fk,1925,i-3kDgsboJBSv4zGqF4zfCsY,första_kammarens_nationella_parti,48,44,4,4
1928.0,1928,fk,1925,i-851f4cdfa36f4dbab4b24855a1eb43ce,utan_partibeteckning,3,2,1,1
1928.0,1928,fk,1925,i-9fghptqkyNzTVdA8knRCGq,liberala_riksdagspartiet,7,13,-6,6
1928.0,1928,fk,1925,i-CNbGLyuzdkRJ2sJBBpzJit,bondeförbundet,12,18,-6,6
1928.0,1928,fk,1925,i-F6Stwe8wVnSPa3BbgusszQ,moderata_samlingspartiet,1,0,1,1
1928.0,1928,fk,1925,i-TQCUzfkvYhBFrXeQwXoENH,sveriges_kommunistiska_parti,1,1,0,0
1928.0,1928,fk,1925,i-UiFZiVNo3YgVfyN93Qigiv,centerpartiet,1,0,1,1
1928.0,1928,fk,1925,i-V7MTfG5XaAmjbSDtLkyyfc,frisinnade_folkpartiet,23,20,3,3
1928.0,1928,fk,1925,i-VS8ddgxigwL5TceKtXGApS,socialdemokraterna,52,52,0,0
1929.0,1929,ak,1929,i-9fghptqkyNzTVdA8knRCGq,liberala_riksdagspartiet,4,4,0,0
1929.0,1929,ak,1929,i-CNbGLyuzdkRJ2sJBBpzJit,bondeförbundet,27,27,0,0
1929.0,1929,ak,1929,i-NhgK2ujGF5t35o2VjT8Q5U,lantmanna-_och_borgarepartiet_inom_andrakammaren,73,73,0,0
1929.0,1929,ak,1929,i-TQCUzfkvYhBFrXeQwXoENH,sveriges_kommunistiska_parti,3,8,-5,5
1929.0,1929,ak,1929,i-V7MTfG5XaAmjbSDtLkyyfc,frisinnade_folkpartiet,28,28,0,0
1929.0,1929,ak,1929,i-VS8ddgxigwL5TceKtXGApS,socialdemokraterna,92,90,2,2
1929.0,1929,fk,1929,i-3kDgsboJBSv4zGqF4zfCsY,första_kammarens_nationella_parti,46,49,-3,3
1929.0,1929,fk,1929,i-851f4cdfa36f4dbab4b24855a1eb43ce,utan_partibeteckning,2,1,1,1
1929.0,1929,fk,1929,i-9fghptqkyNzTVdA8knRCGq,liberala_riksdagspartiet,7,7,0,0
1929.0,1929,fk,1929,i-CNbGLyuzdkRJ2sJBBpzJit,bondeförbundet,16,17,-1,1
1929.0,1929,fk,1929,i-TQCUzfkvYhBFrXeQwXoENH,sveriges_kommunistiska_parti,1,1,0,0
1929.0,1929,fk,1929,i-UiFZiVNo3YgVfyN93Qigiv,centerpartiet,1,0,1,1
1929.0,1929,fk,1929,i-V7MTfG5XaAmjbSDtLkyyfc,frisinnade_folkpartiet,23,23,0,0
1929.0,1929,fk,1929,i-VS8ddgxigwL5TceKtXGApS,socialdemokraterna,51,52,-1,1
1930.0,1930,ak,1929,i-9fghptqkyNzTVdA8knRCGq,liberala_riksdagspartiet,4,4,0,0
1930.0,1930,ak,1929,i-CNbGLyuzdkRJ2sJBBpzJit,bondeförbundet,27,27,0,0
1930.0,1930,ak,1929,i-NhgK2ujGF5t35o2VjT8Q5U,lantmanna-_och_borgarepartiet_inom_andrakammaren,73,73,0,0
1930.0,1930,ak,1929,i-TQCUzfkvYhBFrXeQwXoENH,sveriges_kommunistiska_parti,1,8,-7,7
1930.0,1930,ak,1929,i-V7MTfG5XaAmjbSDtLkyyfc,frisinnade_folkpartiet,28,28,0,0
1930.0,1930,ak,1929,i-VS8ddgxigwL5TceKtXGApS,socialdemokraterna,90,90,0,0
1930.0,1930,ak,1929,i-VzZnBZoi4EChaiCfF6kxbz,kilbomspartiet,5,0,5,5
1930.0,1930,fk,1929,i-3kDgsboJBSv4zGqF4zfCsY,första_kammarens_nationella_parti,46,49,-3,3
1930.0,1930,fk,1929,i-851f4cdfa36f4dbab4b24855a1eb43ce,utan_partibeteckning,2,1,1,1
1930.0,1930,fk,1929,i-9fghptqkyNzTVdA8knRCGq,liberala_riksdagspartiet,6,7,-1,1
1930.0,1930,fk,1929,i-CNbGLyuzdkRJ2sJBBpzJit,bondeförbundet,16,17,-1,1
1930.0,1930,fk,1929,i-UiFZiVNo3YgVfyN93Qigiv,centerpartiet,1,0,1,1
1930.0,1930,fk,1929,i-V7MTfG5XaAmjbSDtLkyyfc,frisinnade_folkpartiet,23,23,0,0
1930.0,1930,fk,1929,i-VS8ddgxigwL5TceKtXGApS,socialdemokraterna,52,52,0,0
1930.0,1930,fk,1929,i-VzZnBZoi4EChaiCfF6kxbz,kilbomspartiet,2,0,2,2
1931.0,1931,ak,1929,i-9fghptqkyNzTVdA8knRCGq,liberala_riksdagspartiet,4,4,0,0
1931.0,1931,ak,1929,i-CNbGLyuzdkRJ2sJBBpzJit,bondeförbundet,27,27,0,0
1931.0,1931,ak,1929,i-NhgK2ujGF5t35o2VjT8Q5U,lantmanna-_och_borgarepartiet_inom_andrakammaren,72,73,-1,1
1931.0,1931,ak,1929,i-TQCUzfkvYhBFrXeQwXoENH,sveriges_kommunistiska_parti,1,8,-7,7
1931.0,1931,ak,1929,i-V7MTfG5XaAmjbSDtLkyyfc,frisinnade_folkpartiet,28,28,0,0
1931.0,1931,ak,1929,i-VS8ddgxigwL5TceKtXGApS,socialdemokraterna,89,90,-1,1
1931.0,1931,ak,1929,i-VzZnBZoi4EChaiCfF6kxbz,kilbomspartiet,5,0,5,5
1931.0,1931,fk,1929,i-3kDgsboJBSv4zGqF4zfCsY,första_kammarens_nationella_parti,47,49,-2,2
1931.0,1931,fk,1929,i-851f4cdfa36f4dbab4b24855a1eb43ce,utan_partibeteckning,2,1,1,1
1931.0,1931,fk,1929,i-9fghptqkyNzTVdA8knRCGq,liberala_riksdagspartiet,5,7,-2,2
1931.0,1931,fk,1929,i-CNbGLyuzdkRJ2sJBBpzJit,bondeförbundet,16,17,-1,1
1931.0,1931,fk,1929,i-UiFZiVNo3YgVfyN93Qigiv,centerpartiet,1,0,1,1
1931.0,1931,fk,1929,i-V7MTfG5XaAmjbSDtLkyyfc,frisinnade_folkpartiet,22,23,-1,1
1931.0,1931,fk,1929,i-VS8ddgxigwL5TceKtXGApS,socialdemokraterna,53,52,1,1
1931.0,1931,fk,1929,i-VzZnBZoi4EChaiCfF6kxbz,kilbomspartiet,1,0,1,1
1932.0,1932,ak,1929,i-851f4cdfa36f4dbab4b24855a1eb43ce,utan_partibeteckning,1,0,1,1
1932.0,1932,ak,1929,i-9fghptqkyNzTVdA8knRCGq,liberala_riksdagspartiet,4,4,0,0
1932.0,1932,ak,1929,i-CNbGLyuzdkRJ2sJBBpzJit,bondeförbundet,27,27,0,0
1932.0,1932,ak,1929,i-NhgK2ujGF5t35o2VjT8Q5U,lantmanna-_och_borgarepartiet_inom_andrakammaren,71,73,-2,2
1932.0,1932,ak,1929,i-TQCUzfkvYhBFrXeQwXoENH,sveriges_kommunistiska_parti,1,8,-7,7
1932.0,1932,ak,1929,i-V7MTfG5XaAmjbSDtLkyyfc,frisinnade_folkpartiet,28,28,0,0
1932.0,1932,ak,1929,i-VS8ddgxigwL5TceKtXGApS,socialdemokraterna,90,90,0,0
1932.0,1932,ak,1929,i-VzZnBZoi4EChaiCfF6kxbz,kilbomspartiet,5,0,5,5
1932.0,1932,fk,1929,i-3kDgsboJBSv4zGqF4zfCsY,första_kammarens_nationella_parti,45,49,-4,4
1932.0,1932,fk,1929,i-851f4cdfa36f4dbab4b24855a1eb43ce,utan_partibeteckning,3,1,2,2
1932.0,1932,fk,1929,i-9fghptqkyNzTVdA8knRCGq,liberala_riksdagspartiet,4,7,-3,3
1932.0,1932,fk,1929,i-CNbGLyuzdkRJ2sJBBpzJit,bondeförbundet,17,17,0,0
1932.0,1932,fk,1929,i-UiFZiVNo3YgVfyN93Qigiv,centerpartiet,2,0,2,2
1932.0,1932,fk,1929,i-V7MTfG5XaAmjbSDtLkyyfc,frisinnade_folkpartiet,21,23,-2,2
1932.0,1932,fk,1929,i-VS8ddgxigwL5TceKtXGApS,socialdemokraterna,55,52,3,3
1932.0,1932,fk,1929,i-VzZnBZoi4EChaiCfF6kxbz,kilbomspartiet,1,0,1,1
1933.0,1933,ak,1933,i-9fghptqkyNzTVdA8knRCGq,liberala_riksdagspartiet,4,4,0,0
1933.0,1933,ak,1933,i-CNbGLyuzdkRJ2sJBBpzJit,bondeförbundet,33,36,-3,3
1933.0,1933,ak,1933,i-NhgK2ujGF5t35o2VjT8Q5U,lantmanna-_och_borgarepartiet_inom_andrakammaren,58,58,0,0
1933.0,1933,ak,1933,i-TQCUzfkvYhBFrXeQwXoENH,sveriges_kommunistiska_parti,1,2,-1,1
1933.0,1933,ak,1933,i-UiFZiVNo3YgVfyN93Qigiv,centerpartiet,3,0,3,3
1933.0,1933,ak,1933,i-V7MTfG5XaAmjbSDtLkyyfc,frisinnade_folkpartiet,20,20,0,0
1933.0,1933,ak,1933,i-VS8ddgxigwL5TceKtXGApS,socialdemokraterna,104,104,0,0
1933.0,1933,ak,1933,i-VzZnBZoi4EChaiCfF6kxbz,kilbomspartiet,3,6,-3,3
1933.0,1933,fk,1933,i-3kDgsboJBSv4zGqF4zfCsY,första_kammarens_nationella_parti,45,50,-5,5
1933.0,1933,fk,1933,i-851f4cdfa36f4dbab4b24855a1eb43ce,utan_partibeteckning,3,1,2,2
1933.0,1933,fk,1933,i-9fghptqkyNzTVdA8knRCGq,liberala_riksdagspartiet,4,4,0,0
1933.0,1933,fk,1933,i-CNbGLyuzdkRJ2sJBBpzJit,bondeförbundet,16,18,-2,2
1933.0,1933,fk,1933,i-UiFZiVNo3YgVfyN93Qigiv,centerpartiet,2,0,2,2
1933.0,1933,fk,1933,i-V7MTfG5XaAmjbSDtLkyyfc,frisinnade_folkpartiet,18,18,0,0
1933.0,1933,fk,1933,i-VS8ddgxigwL5TceKtXGApS,socialdemokraterna,58,58,0,0
1933.0,1933,fk,1933,i-VzZnBZoi4EChaiCfF6kxbz,kilbomspartiet,1,1,0,0
1934.0,1934,ak,1934,i-851f4cdfa36f4dbab4b24855a1eb43ce,utan_partibeteckning,2,0,2,2
1934.0,1934,ak,1934,i-9fghptqkyNzTVdA8knRCGq,liberala_riksdagspartiet,4,4,0,0
1934.0,1934,ak,1934,i-CNbGLyuzdkRJ2sJBBpzJit,bondeförbundet,33,36,-3,3
1934.0,1934,ak,1934,i-NhgK2ujGF5t35o2VjT8Q5U,lantmanna-_och_borgarepartiet_inom_andrakammaren,56,58,-2,2
1934.0,1934,ak,1934,i-SeXPXWPfyJxdeuuFtkdhxh,socialistiska_partiet,8,6,2,2
1934.0,1934,ak,1934,i-UiFZiVNo3YgVfyN93Qigiv,centerpartiet,3,0,3,3
1934.0,1934,ak,1934,i-V7MTfG5XaAmjbSDtLkyyfc,frisinnade_folkpartiet,20,20,0,0
1934.0,1934,ak,1934,i-VS8ddgxigwL5TceKtXGApS,socialdemokraterna,102,104,-2,2
1934.0,1934,fk,1934,i-3kDgsboJBSv4zGqF4zfCsY,första_kammarens_nationella_parti,47,50,-3,3
1934.0,1934,fk,1934,i-851f4cdfa36f4dbab4b24855a1eb43ce,utan_partibeteckning,3,1,2,2
1934.0,1934,fk,1934,i-9fghptqkyNzTVdA8knRCGq,liberala_riksdagspartiet,2,4,-2,2
1934.0,1934,fk,1934,i-CNbGLyuzdkRJ2sJBBpzJit,bondeförbundet,18,18,0,0
1934.0,1934,fk,1934,i-SeXPXWPfyJxdeuuFtkdhxh,socialistiska_partiet,1,1,0,0
1934.0,1934,fk,1934,i-UiFZiVNo3YgVfyN93Qigiv,centerpartiet,1,0,1,1
1934.0,1934,fk,1934,i-V7MTfG5XaAmjbSDtLkyyfc,frisinnade_folkpartiet,17,18,-1,1
1934.0,1934,fk,1934,i-VS8ddgxigwL5TceKtXGApS,socialdemokraterna,61,58,3,3
1935.0,1935,ak,1935,i-3A4u29WVtvfu8i1KwuPEeE,högerpartiet,2,0,2,2
1935.0,1935,ak,1935,i-4nyjRorziqEDtDmp1ZXDoP,högerns_riksdagsgrupp,49,58,-9,9
1935.0,1935,ak,1935,i-851f4cdfa36f4dbab4b24855a1eb43ce,utan_partibeteckning,1,0,1,1
1935.0,1935,ak,1935,i-CNbGLyuzdkRJ2sJBBpzJit,bondeförbundet,34,36,-2,2
1935.0,1935,ak,1935,i-FpGjUCojANuvvwqsNXjcuu,folkpartiet,24,24,0,0
1935.0,1935,ak,1935,i-NhgK2ujGF5t35o2VjT8Q5U,lantmanna-_och_borgarepartiet_inom_andrakammaren,1,0,1,1
1935.0,1935,ak,1935,i-SeXPXWPfyJxdeuuFtkdhxh,socialistiska_partiet,8,6,2,2
1935.0,1935,ak,1935,i-UiFZiVNo3YgVfyN93Qigiv,centerpartiet,3,0,3,3
1935.0,1935,ak,1935,i-VS8ddgxigwL5TceKtXGApS,socialdemokraterna,102,104,-2,2
1935.0,1935,fk,1935,i-3A4u29WVtvfu8i1KwuPEeE,högerpartiet,4,0,4,4
1935.0,1935,fk,1935,i-4nyjRorziqEDtDmp1ZXDoP,högerns_riksdagsgrupp,40,46,-6,6
1935.0,1935,fk,1935,i-851f4cdfa36f4dbab4b24855a1eb43ce,utan_partibeteckning,1,2,-1,1
1935.0,1935,fk,1935,i-CNbGLyuzdkRJ2sJBBpzJit,bondeförbundet,19,20,-1,1
1935.0,1935,fk,1935,i-F6Stwe8wVnSPa3BbgusszQ,moderata_samlingspartiet,1,0,1,1
1935.0,1935,fk,1935,i-FpGjUCojANuvvwqsNXjcuu,folkpartiet,19,19,0,0
1935.0,1935,fk,1935,i-SeXPXWPfyJxdeuuFtkdhxh,socialistiska_partiet,1,1,0,0
1935.0,1935,fk,1935,i-UiFZiVNo3YgVfyN93Qigiv,centerpartiet,1,0,1,1
1935.0,1935,fk,1935,i-VS8ddgxigwL5TceKtXGApS,socialdemokraterna,62,62,0,0
1936.0,1936,ak,1935,i-3A4u29WVtvfu8i1KwuPEeE,högerpartiet,1,0,1,1
1936.0,1936,ak,1935,i-4nyjRorziqEDtDmp1ZXDoP,högerns_riksdagsgrupp,49,58,-9,9
1936.0,1936,ak,1935,i-851f4cdfa36f4dbab4b24855a1eb43ce,utan_partibeteckning,2,0,2,2
1936.0,1936,ak,1935,i-CNbGLyuzdkRJ2sJBBpzJit,bondeförbundet,34,36,-2,2
1936.0,1936,ak,1935,i-FpGjUCojANuvvwqsNXjcuu,folkpartiet,24,24,0,0
1936.0,1936,ak,1935,i-NhgK2ujGF5t35o2VjT8Q5U,lantmanna-_och_borgarepartiet_inom_andrakammaren,1,0,1,1
1936.0,1936,ak,1935,i-SeXPXWPfyJxdeuuFtkdhxh,socialistiska_partiet,8,6,2,2
1936.0,1936,ak,1935,i-UiFZiVNo3YgVfyN93Qigiv,centerpartiet,3,0,3,3
1936.0,1936,ak,1935,i-VS8ddgxigwL5TceKtXGApS,socialdemokraterna,100,104,-4,4
1936.0,1936,fk,1936,i-3A4u29WVtvfu8i1KwuPEeE,högerpartiet,8,0,8,8
1936.0,1936,fk,1936,i-4nyjRorziqEDtDmp1ZXDoP,högerns_riksdagsgrupp,36,44,-8,8
1936.0,1936,fk,1936,i-851f4cdfa36f4dbab4b24855a1eb43ce,utan_partibeteckning,1,2,-1,1
1936.0,1936,fk,1936,i-CNbGLyuzdkRJ2sJBBpzJit,bondeförbundet,21,22,-1,1
1936.0,1936,fk,1936,i-FpGjUCojANuvvwqsNXjcuu,folkpartiet,16,16,0,0
1936.0,1936,fk,1936,i-SeXPXWPfyJxdeuuFtkdhxh,socialistiska_partiet,1,1,0,0
1936.0,1936,fk,1936,i-UiFZiVNo3YgVfyN93Qigiv,centerpartiet,1,0,1,1
1936.0,1936,fk,1936,i-VS8ddgxigwL5TceKtXGApS,socialdemokraterna,66,65,1,1
1937.0,1937,ak,1937,i-3A4u29WVtvfu8i1KwuPEeE,högerpartiet,11,0,11,11
1937.0,1937,ak,1937,i-4nyjRorziqEDtDmp1ZXDoP,högerns_riksdagsgrupp,31,44,-13,13
1937.0,1937,ak,1937,i-851f4cdfa36f4dbab4b24855a1eb43ce,utan_partibeteckning,1,0,1,1
1937.0,1937,ak,1937,i-CNbGLyuzdkRJ2sJBBpzJit,bondeförbundet,31,36,-5,5
1937.0,1937,ak,1937,i-F6Stwe8wVnSPa3BbgusszQ,moderata_samlingspartiet,1,0,1,1
1937.0,1937,ak,1937,i-FpGjUCojANuvvwqsNXjcuu,folkpartiet,25,27,-2,2
1937.0,1937,ak,1937,i-SeXPXWPfyJxdeuuFtkdhxh,socialistiska_partiet,6,6,0,0
1937.0,1937,ak,1937,i-UiFZiVNo3YgVfyN93Qigiv,centerpartiet,5,0,5,5
1937.0,1937,ak,1937,i-VS8ddgxigwL5TceKtXGApS,socialdemokraterna,112,112,0,0
1937.0,1937,fk,1937,i-3A4u29WVtvfu8i1KwuPEeE,högerpartiet,13,0,13,13
1937.0,1937,fk,1937,i-4nyjRorziqEDtDmp1ZXDoP,högerns_riksdagsgrupp,30,43,-13,13
1937.0,1937,fk,1937,i-851f4cdfa36f4dbab4b24855a1eb43ce,utan_partibeteckning,2,2,0,0
1937.0,1937,fk,1937,i-CNbGLyuzdkRJ2sJBBpzJit,bondeförbundet,21,22,-1,1
1937.0,1937,fk,1937,i-FpGjUCojANuvvwqsNXjcuu,folkpartiet,17,16,1,1
1937.0,1937,fk,1937,i-SeXPXWPfyJxdeuuFtkdhxh,socialistiska_partiet,1,1,0,0
1937.0,1937,fk,1937,i-UiFZiVNo3YgVfyN93Qigiv,centerpartiet,1,0,1,1
1937.0,1937,fk,1937,i-VS8ddgxigwL5TceKtXGApS,socialdemokraterna,67,66,1,1
1938.0,1938,ak,1937,i-3A4u29WVtvfu8i1KwuPEeE,högerpartiet,11,0,11,11
1938.0,1938,ak,1937,i-4nyjRorziqEDtDmp1ZXDoP,högerns_riksdagsgrupp,31,44,-13,13
1938.0,1938,ak,1937,i-CNbGLyuzdkRJ2sJBBpzJit,bondeförbundet,31,36,-5,5
1938.0,1938,ak,1937,i-F6Stwe8wVnSPa3BbgusszQ,moderata_samlingspartiet,2,0,2,2
1938.0,1938,ak,1937,i-FpGjUCojANuvvwqsNXjcuu,folkpartiet,26,27,-1,1
1938.0,1938,ak,1937,i-SeXPXWPfyJxdeuuFtkdhxh,socialistiska_partiet,3,6,-3,3
1938.0,1938,ak,1937,i-UiFZiVNo3YgVfyN93Qigiv,centerpartiet,5,0,5,5
1938.0,1938,ak,1937,i-VS8ddgxigwL5TceKtXGApS,socialdemokraterna,115,112,3,3
1938.0,1938,fk,1938,i-3A4u29WVtvfu8i1KwuPEeE,högerpartiet,17,0,17,17
1938.0,1938,fk,1938,i-4nyjRorziqEDtDmp1ZXDoP,högerns_riksdagsgrupp,24,41,-17,17
1938.0,1938,fk,1938,i-851f4cdfa36f4dbab4b24855a1eb43ce,utan_partibeteckning,2,2,0,0
1938.0,1938,fk,1938,i-CNbGLyuzdkRJ2sJBBpzJit,bondeförbundet,22,23,-1,1
1938.0,1938,fk,1938,i-FpGjUCojANuvvwqsNXjcuu,folkpartiet,17,17,0,0
1938.0,1938,fk,1938,i-UiFZiVNo3YgVfyN93Qigiv,centerpartiet,2,0,2,2
1938.0,1938,fk,1938,i-VS8ddgxigwL5TceKtXGApS,socialdemokraterna,68,67,1,1
1939.0,1939,ak,1937,i-3A4u29WVtvfu8i1KwuPEeE,högerpartiet,11,0,11,11
1939.0,1939,ak,1937,i-4nyjRorziqEDtDmp1ZXDoP,högerns_riksdagsgrupp,31,44,-13,13
1939.0,1939,ak,1937,i-CNbGLyuzdkRJ2sJBBpzJit,bondeförbundet,30,36,-6,6
1939.0,1939,ak,1937,i-F6Stwe8wVnSPa3BbgusszQ,moderata_samlingspartiet,2,0,2,2
1939.0,1939,ak,1937,i-FpGjUCojANuvvwqsNXjcuu,folkpartiet,26,27,-1,1
1939.0,1939,ak,1937,i-SeXPXWPfyJxdeuuFtkdhxh,socialistiska_partiet,3,6,-3,3
1939.0,1939,ak,1937,i-UiFZiVNo3YgVfyN93Qigiv,centerpartiet,6,0,6,6
1939.0,1939,ak,1937,i-VS8ddgxigwL5TceKtXGApS,socialdemokraterna,116,112,4,4
1939.0,1939,fk,1939,i-3A4u29WVtvfu8i1KwuPEeE,högerpartiet,20,0,20,20
1939.0,1939,fk,1939,i-4nyjRorziqEDtDmp1ZXDoP,högerns_riksdagsgrupp,21,40,-19,19
1939.0,1939,fk,1939,i-851f4cdfa36f4dbab4b24855a1eb43ce,utan_partibeteckning,1,1,0,0
1939.0,1939,fk,1939,i-CNbGLyuzdkRJ2sJBBpzJit,bondeförbundet,22,24,-2,2
1939.0,1939,fk,1939,i-FpGjUCojANuvvwqsNXjcuu,folkpartiet,15,15,0,0
1939.0,1939,fk,1939,i-UiFZiVNo3YgVfyN93Qigiv,centerpartiet,2,0,2,2
1939.0,1939,fk,1939,i-VS8ddgxigwL5TceKtXGApS,socialdemokraterna,72,69,3,3
1940.0,1940,ak,1937,i-3A4u29WVtvfu8i1KwuPEeE,högerpartiet,12,0,12,12
1940.0,1940,ak,1937,i-4nyjRorziqEDtDmp1ZXDoP,högerns_riksdagsgrupp,30,44,-14,14
1940.0,1940,ak,1937,i-CNbGLyuzdkRJ2sJBBpzJit,bondeförbundet,29,36,-7,7
1940.0,1940,ak,1937,i-F6Stwe8wVnSPa3BbgusszQ,moderata_samlingspartiet,2,0,2,2
1940.0,1940,ak,1937,i-FpGjUCojANuvvwqsNXjcuu,folkpartiet,26,27,-1,1
1940.0,1940,ak,1937,i-SeXPXWPfyJxdeuuFtkdhxh,socialistiska_partiet,3,6,-3,3
1940.0,1940,ak,1937,i-UiFZiVNo3YgVfyN93Qigiv,centerpartiet,7,0,7,7
1940.0,1940,ak,1937,i-VS8ddgxigwL5TceKtXGApS,socialdemokraterna,116,112,4,4
1940.0,1940,fk,1940,i-3A4u29WVtvfu8i1KwuPEeE,högerpartiet,18,0,18,18
1940.0,1940,fk,1940,i-4nyjRorziqEDtDmp1ZXDoP,högerns_riksdagsgrupp,19,37,-18,18
1940.0,1940,fk,1940,i-851f4cdfa36f4dbab4b24855a1eb43ce,utan_partibeteckning,1,1,0,0
1940.0,1940,fk,1940,i-CNbGLyuzdkRJ2sJBBpzJit,bondeförbundet,21,24,-3,3
1940.0,1940,fk,1940,i-FpGjUCojANuvvwqsNXjcuu,folkpartiet,15,15,0,0
1940.0,1940,fk,1940,i-UiFZiVNo3YgVfyN93Qigiv,centerpartiet,3,0,3,3
1940.0,1940,fk,1940,i-VS8ddgxigwL5TceKtXGApS,socialdemokraterna,73,72,1,1
1941.0,1941,ak,1941,i-3A4u29WVtvfu8i1KwuPEeE,högerpartiet,16,0,16,16
1941.0,1941,ak,1941,i-4nyjRorziqEDtDmp1ZXDoP,högerns_riksdagsgrupp,23,42,-19,19
1941.0,1941,ak,1941,i-CNbGLyuzdkRJ2sJBBpzJit,bondeförbundet,23,28,-5,5
1941.0,1941,ak,1941,i-F6Stwe8wVnSPa3BbgusszQ,moderata_samlingspartiet,3,0,3,3
1941.0,1941,ak,1941,i-FpGjUCojANuvvwqsNXjcuu,folkpartiet,22,23,-1,1
1941.0,1941,ak,1941,i-UiFZiVNo3YgVfyN93Qigiv,centerpartiet,4,0,4,4
1941.0,1941,ak,1941,i-VS8ddgxigwL5TceKtXGApS,socialdemokraterna,135,134,1,1
1941.0,1941,fk,1941,i-3A4u29WVtvfu8i1KwuPEeE,högerpartiet,18,0,18,18
1941.0,1941,fk,1941,i-4nyjRorziqEDtDmp1ZXDoP,högerns_riksdagsgrupp,16,34,-18,18
1941.0,1941,fk,1941,i-851f4cdfa36f4dbab4b24855a1eb43ce,utan_partibeteckning,1,1,0,0
1941.0,1941,fk,1941,i-CNbGLyuzdkRJ2sJBBpzJit,bondeförbundet,21,24,-3,3
1941.0,1941,fk,1941,i-FpGjUCojANuvvwqsNXjcuu,folkpartiet,14,15,-1,1
1941.0,1941,fk,1941,i-UiFZiVNo3YgVfyN93Qigiv,centerpartiet,3,0,3,3
1941.0,1941,fk,1941,i-VS8ddgxigwL5TceKtXGApS,socialdemokraterna,75,75,0,0
1942.0,1942,ak,1941,i-3A4u29WVtvfu8i1KwuPEeE,högerpartiet,16,0,16,16
1942.0,1942,ak,1941,i-4nyjRorziqEDtDmp1ZXDoP,högerns_riksdagsgrupp,22,42,-20,20
1942.0,1942,ak,1941,i-CNbGLyuzdkRJ2sJBBpzJit,bondeförbundet,23,28,-5,5
1942.0,1942,ak,1941,i-F6Stwe8wVnSPa3BbgusszQ,moderata_samlingspartiet,4,0,4,4
1942.0,1942,ak,1941,i-FpGjUCojANuvvwqsNXjcuu,folkpartiet,22,23,-1,1
1942.0,1942,ak,1941,i-UiFZiVNo3YgVfyN93Qigiv,centerpartiet,5,0,5,5
1942.0,1942,ak,1941,i-VS8ddgxigwL5TceKtXGApS,socialdemokraterna,134,134,0,0
1942.0,1942,fk,1942,i-3A4u29WVtvfu8i1KwuPEeE,högerpartiet,18,0,18,18
1942.0,1942,fk,1942,i-4nyjRorziqEDtDmp1ZXDoP,högerns_riksdagsgrupp,16,34,-18,18
1942.0,1942,fk,1942,i-851f4cdfa36f4dbab4b24855a1eb43ce,utan_partibeteckning,1,1,0,0
1942.0,1942,fk,1942,i-CNbGLyuzdkRJ2sJBBpzJit,bondeförbundet,19,22,-3,3
1942.0,1942,fk,1942,i-FpGjUCojANuvvwqsNXjcuu,folkpartiet,15,15,0,0
1942.0,1942,fk,1942,i-UiFZiVNo3YgVfyN93Qigiv,centerpartiet,3,0,3,3
1942.0,1942,fk,1942,i-VS8ddgxigwL5TceKtXGApS,socialdemokraterna,77,77,0,0
1943.0,1943,ak,1941,i-3A4u29WVtvfu8i1KwuPEeE,högerpartiet,17,0,17,17
1943.0,1943,ak,1941,i-4nyjRorziqEDtDmp1ZXDoP,högerns_riksdagsgrupp,21,42,-21,21
1943.0,1943,ak,1941,i-CNbGLyuzdkRJ2sJBBpzJit,bondeförbundet,23,28,-5,5
1943.0,1943,ak,1941,i-F6Stwe8wVnSPa3BbgusszQ,moderata_samlingspartiet,4,0,4,4
1943.0,1943,ak,1941,i-FpGjUCojANuvvwqsNXjcuu,folkpartiet,22,23,-1,1
1943.0,1943,ak,1941,i-UiFZiVNo3YgVfyN93Qigiv,centerpartiet,6,0,6,6
1943.0,1943,ak,1941,i-VS8ddgxigwL5TceKtXGApS,socialdemokraterna,135,134,1,1
1943.0,1943,fk,1943,i-3A4u29WVtvfu8i1KwuPEeE,högerpartiet,18,0,18,18
1943.0,1943,fk,1943,i-4nyjRorziqEDtDmp1ZXDoP,högerns_riksdagsgrupp,14,31,-17,17
1943.0,1943,fk,1943,i-851f4cdfa36f4dbab4b24855a1eb43ce,utan_partibeteckning,1,1,0,0
1943.0,1943,fk,1943,i-CNbGLyuzdkRJ2sJBBpzJit,bondeförbundet,17,21,-4,4
1943.0,1943,fk,1943,i-F6Stwe8wVnSPa3BbgusszQ,moderata_samlingspartiet,1,0,1,1
1943.0,1943,fk,1943,i-FpGjUCojANuvvwqsNXjcuu,folkpartiet,15,15,0,0
1943.0,1943,fk,1943,i-UiFZiVNo3YgVfyN93Qigiv,centerpartiet,4,0,4,4
1943.0,1943,fk,1943,i-VS8ddgxigwL5TceKtXGApS,socialdemokraterna,81,81,0,0
1944.0,1944,ak,1941,i-3A4u29WVtvfu8i1KwuPEeE,högerpartiet,17,0,17,17
1944.0,1944,ak,1941,i-4nyjRorziqEDtDmp1ZXDoP,högerns_riksdagsgrupp,20,42,-22,22
1944.0,1944,ak,1941,i-CNbGLyuzdkRJ2sJBBpzJit,bondeförbundet,22,28,-6,6
1944.0,1944,ak,1941,i-F6Stwe8wVnSPa3BbgusszQ,moderata_samlingspartiet,5,0,5,5
1944.0,1944,ak,1941,i-FpGjUCojANuvvwqsNXjcuu,folkpartiet,21,23,-2,2
1944.0,1944,ak,1941,i-UiFZiVNo3YgVfyN93Qigiv,centerpartiet,7,0,7,7
1944.0,1944,ak,1941,i-VS8ddgxigwL5TceKtXGApS,socialdemokraterna,135,134,1,1
1944.0,1944,fk,1944,i-3A4u29WVtvfu8i1KwuPEeE,högerpartiet,17,0,17,17
1944.0,1944,fk,1944,i-4nyjRorziqEDtDmp1ZXDoP,högerns_riksdagsgrupp,13,30,-17,17
1944.0,1944,fk,1944,i-851f4cdfa36f4dbab4b24855a1eb43ce,utan_partibeteckning,1,1,0,0
1944.0,1944,fk,1944,i-CNbGLyuzdkRJ2sJBBpzJit,bondeförbundet,14,21,-7,7
1944.0,1944,fk,1944,i-F6Stwe8wVnSPa3BbgusszQ,moderata_samlingspartiet,1,0,1,1
1944.0,1944,fk,1944,i-FpGjUCojANuvvwqsNXjcuu,folkpartiet,15,15,0,0
1944.0,1944,fk,1944,i-UiFZiVNo3YgVfyN93Qigiv,centerpartiet,5,0,5,5
1944.0,1944,fk,1944,i-VS8ddgxigwL5TceKtXGApS,socialdemokraterna,83,82,1,1
1945.0,1945,ak,1945,i-3A4u29WVtvfu8i1KwuPEeE,högerpartiet,20,0,20,20
1945.0,1945,ak,1945,i-4nyjRorziqEDtDmp1ZXDoP,högerns_riksdagsgrupp,14,39,-25,25
1945.0,1945,ak,1945,i-CNbGLyuzdkRJ2sJBBpzJit,bondeförbundet,26,35,-9,9
1945.0,1945,ak,1945,i-F6Stwe8wVnSPa3BbgusszQ,moderata_samlingspartiet,4,0,4,4
1945.0,1945,ak,1945,i-FpGjUCojANuvvwqsNXjcuu,folkpartiet,24,26,-2,2
1945.0,1945,ak,1945,i-UiFZiVNo3YgVfyN93Qigiv,centerpartiet,10,0,10,10
1945.0,1945,ak,1945,i-VS8ddgxigwL5TceKtXGApS,socialdemokraterna,115,115,0,0
1945.0,1945,fk,1945,i-3A4u29WVtvfu8i1KwuPEeE,högerpartiet,16,0,16,16
1945.0,1945,fk,1945,i-4nyjRorziqEDtDmp1ZXDoP,högerns_riksdagsgrupp,13,29,-16,16
1945.0,1945,fk,1945,i-851f4cdfa36f4dbab4b24855a1eb43ce,utan_partibeteckning,1,1,0,0
1945.0,1945,fk,1945,i-CNbGLyuzdkRJ2sJBBpzJit,bondeförbundet,14,1,13,13
1945.0,1945,fk,1945,i-F6Stwe8wVnSPa3BbgusszQ,moderata_samlingspartiet,2,0,2,2
1945.0,1945,fk,1945,i-FpGjUCojANuvvwqsNXjcuu,folkpartiet,14,14,0,0
1945.0,1945,fk,1945,i-UiFZiVNo3YgVfyN93Qigiv,centerpartiet,6,0,6,6
1945.0,1945,fk,1945,i-VS8ddgxigwL5TceKtXGApS,socialdemokraterna,84,83,1,1
1946.0,1946,ak,1945,i-3A4u29WVtvfu8i1KwuPEeE,högerpartiet,20,0,20,20
1946.0,1946,ak,1945,i-4nyjRorziqEDtDmp1ZXDoP,högerns_riksdagsgrupp,14,39,-25,25
1946.0,1946,ak,1945,i-CNbGLyuzdkRJ2sJBBpzJit,bondeförbundet,26,35,-9,9
1946.0,1946,ak,1945,i-F6Stwe8wVnSPa3BbgusszQ,moderata_samlingspartiet,4,0,4,4
1946.0,1946,ak,1945,i-FpGjUCojANuvvwqsNXjcuu,folkpartiet,24,26,-2,2
1946.0,1946,ak,1945,i-UiFZiVNo3YgVfyN93Qigiv,centerpartiet,10,0,10,10
1946.0,1946,ak,1945,i-VS8ddgxigwL5TceKtXGApS,socialdemokraterna,115,115,0,0
1946.0,1946,fk,1946,i-3A4u29WVtvfu8i1KwuPEeE,högerpartiet,16,0,16,16
1946.0,1946,fk,1946,i-4nyjRorziqEDtDmp1ZXDoP,högerns_riksdagsgrupp,11,27,-16,16
1946.0,1946,fk,1946,i-851f4cdfa36f4dbab4b24855a1eb43ce,utan_partibeteckning,1,1,0,0
1946.0,1946,fk,1946,i-CNbGLyuzdkRJ2sJBBpzJit,bondeförbundet,14,21,-7,7
1946.0,1946,fk,1946,i-F6Stwe8wVnSPa3BbgusszQ,moderata_samlingspartiet,2,0,2,2
1946.0,1946,fk,1946,i-FpGjUCojANuvvwqsNXjcuu,folkpartiet,13,14,-1,1
1946.0,1946,fk,1946,i-UiFZiVNo3YgVfyN93Qigiv,centerpartiet,6,0,6,6
1946.0,1946,fk,1946,i-VS8ddgxigwL5TceKtXGApS,socialdemokraterna,85,84,1,1
1947.0,1947,ak,1945,i-3A4u29WVtvfu8i1KwuPEeE,högerpartiet,20,0,20,20
1947.0,1947,ak,1945,i-4nyjRorziqEDtDmp1ZXDoP,högerns_riksdagsgrupp,14,39,-25,25
1947.0,1947,ak,1945,i-CNbGLyuzdkRJ2sJBBpzJit,bondeförbundet,26,35,-9,9
1947.0,1947,ak,1945,i-F6Stwe8wVnSPa3BbgusszQ,moderata_samlingspartiet,4,0,4,4
1947.0,1947,ak,1945,i-FpGjUCojANuvvwqsNXjcuu,folkpartiet,25,26,-1,1
1947.0,1947,ak,1945,i-UiFZiVNo3YgVfyN93Qigiv,centerpartiet,10,0,10,10
1947.0,1947,ak,1945,i-VS8ddgxigwL5TceKtXGApS,socialdemokraterna,115,115,0,0
1947.0,1947,fk,1947,i-3A4u29WVtvfu8i1KwuPEeE,högerpartiet,17,0,17,17
1947.0,1947,fk,1947,i-4nyjRorziqEDtDmp1ZXDoP,högerns_riksdagsgrupp,7,25,-18,18
1947.0,1947,fk,1947,i-851f4cdfa36f4dbab4b24855a1eb43ce,utan_partibeteckning,1,1,0,0
1947.0,1947,fk,1947,i-CNbGLyuzdkRJ2sJBBpzJit,bondeförbundet,14,21,-7,7
1947.0,1947,fk,1947,i-F6Stwe8wVnSPa3BbgusszQ,moderata_samlingspartiet,2,0,2,2
1947.0,1947,fk,1947,i-FpGjUCojANuvvwqsNXjcuu,folkpartiet,14,14,0,0
1947.0,1947,fk,1947,i-UiFZiVNo3YgVfyN93Qigiv,centerpartiet,6,0,6,6
1947.0,1947,fk,1947,i-VS8ddgxigwL5TceKtXGApS,socialdemokraterna,87,86,1,1
1948.0,1948,ak,1945,i-3A4u29WVtvfu8i1KwuPEeE,högerpartiet,22,0,22,22
1948.0,1948,ak,1945,i-4nyjRorziqEDtDmp1ZXDoP,högerns_riksdagsgrupp,12,39,-27,27
1948.0,1948,ak,1945,i-CNbGLyuzdkRJ2sJBBpzJit,bondeförbundet,25,35,-10,10
1948.0,1948,ak,1945,i-F6Stwe8wVnSPa3BbgusszQ,moderata_samlingspartiet,4,0,4,4
1948.0,1948,ak,1945,i-FpGjUCojANuvvwqsNXjcuu,folkpartiet,25,26,-1,1
1948.0,1948,ak,1945,i-UiFZiVNo3YgVfyN93Qigiv,centerpartiet,10,0,10,10
1948.0,1948,ak,1945,i-VS8ddgxigwL5TceKtXGApS,socialdemokraterna,115,115,0,0
1948.0,1948,fk,1948,i-3A4u29WVtvfu8i1KwuPEeE,högerpartiet,16,0,16,16
1948.0,1948,fk,1948,i-4nyjRorziqEDtDmp1ZXDoP,högerns_riksdagsgrupp,8,24,-16,16
1948.0,1948,fk,1948,i-851f4cdfa36f4dbab4b24855a1eb43ce,utan_partibeteckning,1,1,0,0
1948.0,1948,fk,1948,i-CNbGLyuzdkRJ2sJBBpzJit,bondeförbundet,14,21,-7,7
1948.0,1948,fk,1948,i-F6Stwe8wVnSPa3BbgusszQ,moderata_samlingspartiet,2,0,2,2
1948.0,1948,fk,1948,i-FpGjUCojANuvvwqsNXjcuu,folkpartiet,16,16,0,0
1948.0,1948,fk,1948,i-UiFZiVNo3YgVfyN93Qigiv,centerpartiet,7,0,7,7
1948.0,1948,fk,1948,i-VS8ddgxigwL5TceKtXGApS,socialdemokraterna,86,85,1,1
1949.0,1949,ak,1949,i-3A4u29WVtvfu8i1KwuPEeE,högerpartiet,17,0,17,17
1949.0,1949,ak,1949,i-4nyjRorziqEDtDmp1ZXDoP,högerns_riksdagsgrupp,5,23,-18,18
1949.0,1949,ak,1949,i-CNbGLyuzdkRJ2sJBBpzJit,bondeförbundet,20,30,-10,10
1949.0,1949,ak,1949,i-F6Stwe8wVnSPa3BbgusszQ,moderata_samlingspartiet,2,0,2,2
1949.0,1949,ak,1949,i-FpGjUCojANuvvwqsNXjcuu,folkpartiet,54,57,-3,3
1949.0,1949,ak,1949,i-UiFZiVNo3YgVfyN93Qigiv,centerpartiet,10,0,10,10
1949.0,1949,ak,1949,i-VS8ddgxigwL5TceKtXGApS,socialdemokraterna,113,112,1,1
1949.0,1949,fk,1949,i-3A4u29WVtvfu8i1KwuPEeE,högerpartiet,19,0,19,19
1949.0,1949,fk,1949,i-4nyjRorziqEDtDmp1ZXDoP,högerns_riksdagsgrupp,5,23,-18,18
1949.0,1949,fk,1949,i-851f4cdfa36f4dbab4b24855a1eb43ce,utan_partibeteckning,1,1,0,0
1949.0,1949,fk,1949,i-CNbGLyuzdkRJ2sJBBpzJit,bondeförbundet,14,21,-7,7
1949.0,1949,fk,1949,i-F6Stwe8wVnSPa3BbgusszQ,moderata_samlingspartiet,2,0,2,2
1949.0,1949,fk,1949,i-FpGjUCojANuvvwqsNXjcuu,folkpartiet,18,18,0,0
1949.0,1949,fk,1949,i-UiFZiVNo3YgVfyN93Qigiv,centerpartiet,7,0,7,7
1949.0,1949,fk,1949,i-VS8ddgxigwL5TceKtXGApS,socialdemokraterna,84,84,0,0
1950.0,1950,ak,1949,i-3A4u29WVtvfu8i1KwuPEeE,högerpartiet,16,0,16,16
1950.0,1950,ak,1949,i-4nyjRorziqEDtDmp1ZXDoP,högerns_riksdagsgrupp,5,23,-18,18
1950.0,1950,ak,1949,i-CNbGLyuzdkRJ2sJBBpzJit,bondeförbundet,19,30,-11,11
1950.0,1950,ak,1949,i-F6Stwe8wVnSPa3BbgusszQ,moderata_samlingspartiet,2,0,2,2
1950.0,1950,ak,1949,i-FpGjUCojANuvvwqsNXjcuu,folkpartiet,54,57,-3,3
1950.0,1950,ak,1949,i-UiFZiVNo3YgVfyN93Qigiv,centerpartiet,11,0,11,11
1950.0,1950,ak,1949,i-VS8ddgxigwL5TceKtXGApS,socialdemokraterna,113,112,1,1
1950.0,1950,fk,1950,i-3A4u29WVtvfu8i1KwuPEeE,högerpartiet,16,0,16,16
1950.0,1950,fk,1950,i-4nyjRorziqEDtDmp1ZXDoP,högerns_riksdagsgrupp,4,22,-18,18
1950.0,1950,fk,1950,i-851f4cdfa36f4dbab4b24855a1eb43ce,utan_partibeteckning,1,1,0,0
1950.0,1950,fk,1950,i-CNbGLyuzdkRJ2sJBBpzJit,bondeförbundet,15,23,-8,8
1950.0,1950,fk,1950,i-F6Stwe8wVnSPa3BbgusszQ,moderata_samlingspartiet,3,0,3,3
1950.0,1950,fk,1950,i-FpGjUCojANuvvwqsNXjcuu,folkpartiet,20,20,0,0
1950.0,1950,fk,1950,i-TQCUzfkvYhBFrXeQwXoENH,sveriges_kommunistiska_parti,1,3,-2,2
1950.0,1950,fk,1950,i-UiFZiVNo3YgVfyN93Qigiv,centerpartiet,8,0,8,8
1950.0,1950,fk,1950,i-VS8ddgxigwL5TceKtXGApS,socialdemokraterna,81,81,0,0
1951.0,1951,ak,1949,i-3A4u29WVtvfu8i1KwuPEeE,högerpartiet,16,0,16,16
1951.0,1951,ak,1949,i-4nyjRorziqEDtDmp1ZXDoP,högerns_riksdagsgrupp,5,23,-18,18
1951.0,1951,ak,1949,i-CNbGLyuzdkRJ2sJBBpzJit,bondeförbundet,19,30,-11,11
1951.0,1951,ak,1949,i-F6Stwe8wVnSPa3BbgusszQ,moderata_samlingspartiet,2,0,2,2
1951.0,1951,ak,1949,i-FpGjUCojANuvvwqsNXjcuu,folkpartiet,53,57,-4,4
1951.0,1951,ak,1949,i-UiFZiVNo3YgVfyN93Qigiv,centerpartiet,11,0,11,11
1951.0,1951,ak,1949,i-VS8ddgxigwL5TceKtXGApS,socialdemokraterna,113,112,1,1
1951.0,1951,fk,1951,i-3A4u29WVtvfu8i1KwuPEeE,högerpartiet,13,0,13,13
1951.0,1951,fk,1951,i-4nyjRorziqEDtDmp1ZXDoP,högerns_riksdagsgrupp,4,21,-17,17
1951.0,1951,fk,1951,i-851f4cdfa36f4dbab4b24855a1eb43ce,utan_partibeteckning,1,1,0,0
1951.0,1951,fk,1951,i-CNbGLyuzdkRJ2sJBBpzJit,bondeförbundet,17,25,-8,8
1951.0,1951,fk,1951,i-F6Stwe8wVnSPa3BbgusszQ,moderata_samlingspartiet,4,0,4,4
1951.0,1951,fk,1951,i-FpGjUCojANuvvwqsNXjcuu,folkpartiet,20,20,0,0
1951.0,1951,fk,1951,i-TQCUzfkvYhBFrXeQwXoENH,sveriges_kommunistiska_parti,1,4,-3,3
1951.0,1951,fk,1951,i-UiFZiVNo3YgVfyN93Qigiv,centerpartiet,8,0,8,8
1951.0,1951,fk,1951,i-VS8ddgxigwL5TceKtXGApS,socialdemokraterna,81,79,2,2
1952.0,1952,ak,1949,i-3A4u29WVtvfu8i1KwuPEeE,högerpartiet,16,0,16,16
1952.0,1952,ak,1949,i-4nyjRorziqEDtDmp1ZXDoP,högerns_riksdagsgrupp,5,23,-18,18
1952.0,1952,ak,1949,i-CNbGLyuzdkRJ2sJBBpzJit,bondeförbundet,19,30,-11,11
1952.0,1952,ak,1949,i-F6Stwe8wVnSPa3BbgusszQ,moderata_samlingspartiet,2,0,2,2
1952.0,1952,ak,1949,i-FpGjUCojANuvvwqsNXjcuu,folkpartiet,53,57,-4,4
1952.0,1952,ak,1949,i-UiFZiVNo3YgVfyN93Qigiv,centerpartiet,11,0,11,11
1952.0,1952,ak,1949,i-VS8ddgxigwL5TceKtXGApS,socialdemokraterna,112,112,0,0
1952.0,1952,fk,1952,i-3A4u29WVtvfu8i1KwuPEeE,högerpartiet,13,0,13,13
1952.0,1952,fk,1952,i-4nyjRorziqEDtDmp1ZXDoP,högerns_riksdagsgrupp,3,20,-17,17
1952.0,1952,fk,1952,i-851f4cdfa36f4dbab4b24855a1eb43ce,utan_partibeteckning,1,1,0,0
1952.0,1952,fk,1952,i-CNbGLyuzdkRJ2sJBBpzJit,bondeförbundet,15,24,-9,9
1952.0,1952,fk,1952,i-F6Stwe8wVnSPa3BbgusszQ,moderata_samlingspartiet,5,0,5,5
1952.0,1952,fk,1952,i-FpGjUCojANuvvwqsNXjcuu,folkpartiet,21,21,0,0
1952.0,1952,fk,1952,i-TQCUzfkvYhBFrXeQwXoENH,sveriges_kommunistiska_parti,1,4,-3,3
1952.0,1952,fk,1952,i-UiFZiVNo3YgVfyN93Qigiv,centerpartiet,9,0,9,9
1952.0,1952,fk,1952,i-VS8ddgxigwL5TceKtXGApS,socialdemokraterna,82,80,2,2
1953.0,1953,ak,1953,i-3A4u29WVtvfu8i1KwuPEeE,högerpartiet,23,0,23,23
1953.0,1953,ak,1953,i-4nyjRorziqEDtDmp1ZXDoP,högerns_riksdagsgrupp,5,31,-26,26
1953.0,1953,ak,1953,i-CNbGLyuzdkRJ2sJBBpzJit,bondeförbundet,14,26,-12,12
1953.0,1953,ak,1953,i-F6Stwe8wVnSPa3BbgusszQ,moderata_samlingspartiet,2,0,2,2
1953.0,1953,ak,1953,i-FpGjUCojANuvvwqsNXjcuu,folkpartiet,52,58,-6,6
1953.0,1953,ak,1953,i-UiFZiVNo3YgVfyN93Qigiv,centerpartiet,12,0,12,12
1953.0,1953,ak,1953,i-VS8ddgxigwL5TceKtXGApS,socialdemokraterna,112,110,2,2
1953.0,1953,fk,1953,i-3A4u29WVtvfu8i1KwuPEeE,högerpartiet,13,0,13,13
1953.0,1953,fk,1953,i-4nyjRorziqEDtDmp1ZXDoP,högerns_riksdagsgrupp,3,19,-16,16
1953.0,1953,fk,1953,i-851f4cdfa36f4dbab4b24855a1eb43ce,utan_partibeteckning,1,1,0,0
1953.0,1953,fk,1953,i-CNbGLyuzdkRJ2sJBBpzJit,bondeförbundet,16,25,-9,9
1953.0,1953,fk,1953,i-F6Stwe8wVnSPa3BbgusszQ,moderata_samlingspartiet,4,0,4,4
1953.0,1953,fk,1953,i-FpGjUCojANuvvwqsNXjcuu,folkpartiet,22,22,0,0
1953.0,1953,fk,1953,i-TQCUzfkvYhBFrXeQwXoENH,sveriges_kommunistiska_parti,1,4,-3,3
1953.0,1953,fk,1953,i-UiFZiVNo3YgVfyN93Qigiv,centerpartiet,9,0,9,9
1953.0,1953,fk,1953,i-VS8ddgxigwL5TceKtXGApS,socialdemokraterna,80,79,1,1
1954.0,1954,ak,1953,i-3A4u29WVtvfu8i1KwuPEeE,högerpartiet,23,0,23,23
1954.0,1954,ak,1953,i-4nyjRorziqEDtDmp1ZXDoP,högerns_riksdagsgrupp,5,31,-26,26
1954.0,1954,ak,1953,i-CNbGLyuzdkRJ2sJBBpzJit,bondeförbundet,14,26,-12,12
1954.0,1954,ak,1953,i-F6Stwe8wVnSPa3BbgusszQ,moderata_samlingspartiet,2,0,2,2
1954.0,1954,ak,1953,i-FpGjUCojANuvvwqsNXjcuu,folkpartiet,52,58,-6,6
1954.0,1954,ak,1953,i-UiFZiVNo3YgVfyN93Qigiv,centerpartiet,12,0,12,12
1954.0,1954,ak,1953,i-VS8ddgxigwL5TceKtXGApS,socialdemokraterna,112,110,2,2
1954.0,1954,fk,1954,i-3A4u29WVtvfu8i1KwuPEeE,högerpartiet,9,0,9,9
1954.0,1954,fk,1954,i-4nyjRorziqEDtDmp1ZXDoP,högerns_riksdagsgrupp,3,15,-12,12
1954.0,1954,fk,1954,i-851f4cdfa36f4dbab4b24855a1eb43ce,utan_partibeteckning,1,1,0,0
1954.0,1954,fk,1954,i-CNbGLyuzdkRJ2sJBBpzJit,bondeförbundet,15,25,-10,10
1954.0,1954,fk,1954,i-F6Stwe8wVnSPa3BbgusszQ,moderata_samlingspartiet,4,0,4,4
1954.0,1954,fk,1954,i-FpGjUCojANuvvwqsNXjcuu,folkpartiet,27,27,0,0
1954.0,1954,fk,1954,i-TQCUzfkvYhBFrXeQwXoENH,sveriges_kommunistiska_parti,1,3,-2,2
1954.0,1954,fk,1954,i-UiFZiVNo3YgVfyN93Qigiv,centerpartiet,10,0,10,10
1954.0,1954,fk,1954,i-VS8ddgxigwL5TceKtXGApS,socialdemokraterna,82,79,3,3
1955.0,1955,ak,1953,i-3A4u29WVtvfu8i1KwuPEeE,högerpartiet,23,0,23,23
1955.0,1955,ak,1953,i-4nyjRorziqEDtDmp1ZXDoP,högerns_riksdagsgrupp,5,31,-26,26
1955.0,1955,ak,1953,i-CNbGLyuzdkRJ2sJBBpzJit,bondeförbundet,14,26,-12,12
1955.0,1955,ak,1953,i-F6Stwe8wVnSPa3BbgusszQ,moderata_samlingspartiet,2,0,2,2
1955.0,1955,ak,1953,i-FpGjUCojANuvvwqsNXjcuu,folkpartiet,52,58,-6,6
1955.0,1955,ak,1953,i-UiFZiVNo3YgVfyN93Qigiv,centerpartiet,12,0,12,12
1955.0,1955,ak,1953,i-VS8ddgxigwL5TceKtXGApS,socialdemokraterna,112,110,2,2
1955.0,1955,fk,1955,i-3A4u29WVtvfu8i1KwuPEeE,högerpartiet,8,0,8,8
1955.0,1955,fk,1955,i-4nyjRorziqEDtDmp1ZXDoP,högerns_riksdagsgrupp,2,13,-11,11
1955.0,1955,fk,1955,i-851f4cdfa36f4dbab4b24855a1eb43ce,utan_partibeteckning,1,1,0,0
1955.0,1955,fk,1955,i-CNbGLyuzdkRJ2sJBBpzJit,bondeförbundet,14,25,-11,11
1955.0,1955,fk,1955,i-F6Stwe8wVnSPa3BbgusszQ,moderata_samlingspartiet,4,0,4,4
1955.0,1955,fk,1955,i-FpGjUCojANuvvwqsNXjcuu,folkpartiet,29,30,-1,1
1955.0,1955,fk,1955,i-TQCUzfkvYhBFrXeQwXoENH,sveriges_kommunistiska_parti,1,3,-2,2
1955.0,1955,fk,1955,i-UiFZiVNo3YgVfyN93Qigiv,centerpartiet,11,0,11,11
1955.0,1955,fk,1955,i-VS8ddgxigwL5TceKtXGApS,socialdemokraterna,79,78,1,1
1956.0,1956,ak,1953,i-3A4u29WVtvfu8i1KwuPEeE,högerpartiet,24,0,24,24
1956.0,1956,ak,1953,i-4nyjRorziqEDtDmp1ZXDoP,högerns_riksdagsgrupp,4,31,-27,27
1956.0,1956,ak,1953,i-CNbGLyuzdkRJ2sJBBpzJit,bondeförbundet,15,26,-11,11
1956.0,1956,ak,1953,i-F6Stwe8wVnSPa3BbgusszQ,moderata_samlingspartiet,2,0,2,2
1956.0,1956,ak,1953,i-FpGjUCojANuvvwqsNXjcuu,folkpartiet,52,58,-6,6
1956.0,1956,ak,1953,i-UiFZiVNo3YgVfyN93Qigiv,centerpartiet,11,0,11,11
1956.0,1956,ak,1953,i-VS8ddgxigwL5TceKtXGApS,socialdemokraterna,112,110,2,2
1956.0,1956,fk,1956,i-3A4u29WVtvfu8i1KwuPEeE,högerpartiet,8,0,8,8
1956.0,1956,fk,1956,i-4nyjRorziqEDtDmp1ZXDoP,högerns_riksdagsgrupp,3,14,-11,11
1956.0,1956,fk,1956,i-CNbGLyuzdkRJ2sJBBpzJit,bondeförbundet,14,25,-11,11
1956.0,1956,fk,1956,i-F6Stwe8wVnSPa3BbgusszQ,moderata_samlingspartiet,4,0,4,4
1956.0,1956,fk,1956,i-FpGjUCojANuvvwqsNXjcuu,folkpartiet,28,30,-2,2
1956.0,1956,fk,1956,i-TQCUzfkvYhBFrXeQwXoENH,sveriges_kommunistiska_parti,1,3,-2,2
1956.0,1956,fk,1956,i-UiFZiVNo3YgVfyN93Qigiv,centerpartiet,11,0,11,11
1956.0,1956,fk,1956,i-VS8ddgxigwL5TceKtXGApS,socialdemokraterna,79,78,1,1
1957.0,1957,ak,1957,i-3A4u29WVtvfu8i1KwuPEeE,högerpartiet,32,0,32,32
1957.0,1957,ak,1957,i-4nyjRorziqEDtDmp1ZXDoP,högerns_riksdagsgrupp,4,42,-38,38
1957.0,1957,ak,1957,i-CNbGLyuzdkRJ2sJBBpzJit,bondeförbundet,10,0,10,10
1957.0,1957,ak,1957,i-F6Stwe8wVnSPa3BbgusszQ,moderata_samlingspartiet,5,0,5,5
1957.0,1957,ak,1957,i-FpGjUCojANuvvwqsNXjcuu,folkpartiet,52,58,-6,6
1957.0,1957,ak,1957,i-UiFZiVNo3YgVfyN93Qigiv,centerpartiet,9,19,-10,10
1957.0,1957,ak,1957,i-VS8ddgxigwL5TceKtXGApS,socialdemokraterna,106,106,0,0
1957.0,1957,fk,1957,i-3A4u29WVtvfu8i1KwuPEeE,högerpartiet,8,0,8,8
1957.0,1957,fk,1957,i-4nyjRorziqEDtDmp1ZXDoP,högerns_riksdagsgrupp,2,13,-11,11
1957.0,1957,fk,1957,i-CNbGLyuzdkRJ2sJBBpzJit,bondeförbundet,11,0,11,11
1957.0,1957,fk,1957,i-F6Stwe8wVnSPa3BbgusszQ,moderata_samlingspartiet,4,0,4,4
1957.0,1957,fk,1957,i-FpGjUCojANuvvwqsNXjcuu,folkpartiet,28,30,-2,2
1957.0,1957,fk,1957,i-TQCUzfkvYhBFrXeQwXoENH,sveriges_kommunistiska_parti,1,3,-2,2
1957.0,1957,fk,1957,i-UiFZiVNo3YgVfyN93Qigiv,centerpartiet,14,25,-11,11
1957.0,1957,fk,1957,i-VS8ddgxigwL5TceKtXGApS,socialdemokraterna,81,79,2,2
1958.0,1958,ak,1958,i-3A4u29WVtvfu8i1KwuPEeE,högerpartiet,37,0,37,37
1958.0,1958,ak,1958,i-4nyjRorziqEDtDmp1ZXDoP,högerns_riksdagsgrupp,4,45,-41,41
1958.0,1958,ak,1958,i-CNbGLyuzdkRJ2sJBBpzJit,bondeförbundet,11,0,11,11
1958.0,1958,ak,1958,i-F6Stwe8wVnSPa3BbgusszQ,moderata_samlingspartiet,6,0,6,6
1958.0,1958,ak,1958,i-FpGjUCojANuvvwqsNXjcuu,folkpartiet,53,38,15,15
1958.0,1958,ak,1958,i-UiFZiVNo3YgVfyN93Qigiv,centerpartiet,20,32,-12,12
1958.0,1958,ak,1958,i-VS8ddgxigwL5TceKtXGApS,socialdemokraterna,111,111,0,0
1958.0,1958,fk,1958,i-3A4u29WVtvfu8i1KwuPEeE,högerpartiet,10,0,10,10
1958.0,1958,fk,1958,i-4nyjRorziqEDtDmp1ZXDoP,högerns_riksdagsgrupp,2,16,-14,14
1958.0,1958,fk,1958,i-CNbGLyuzdkRJ2sJBBpzJit,bondeförbundet,7,0,7,7
1958.0,1958,fk,1958,i-F6Stwe8wVnSPa3BbgusszQ,moderata_samlingspartiet,5,0,5,5
1958.0,1958,fk,1958,i-FpGjUCojANuvvwqsNXjcuu,folkpartiet,27,29,-2,2
1958.0,1958,fk,1958,i-TQCUzfkvYhBFrXeQwXoENH,sveriges_kommunistiska_parti,1,3,-2,2
1958.0,1958,fk,1958,i-UiFZiVNo3YgVfyN93Qigiv,centerpartiet,16,24,-8,8
1958.0,1958,fk,1958,i-VS8ddgxigwL5TceKtXGApS,socialdemokraterna,80,79,1,1
1959.0,1959,ak,1958,i-3A4u29WVtvfu8i1KwuPEeE,högerpartiet,34,0,34,34
1959.0,1959,ak,1958,i-4nyjRorziqEDtDmp1ZXDoP,högerns_riksdagsgrupp,4,45,-41,41
1959.0,1959,ak,1958,i-CNbGLyuzdkRJ2sJBBpzJit,bondeförbundet,10,0,10,10
1959.0,1959,ak,1958,i-F6Stwe8wVnSPa3BbgusszQ,moderata_samlingspartiet,6,0,6,6
1959.0,1959,ak,1958,i-FpGjUCojANuvvwqsNXjcuu,folkpartiet,33,38,-5,5
1959.0,1959,ak,1958,i-UiFZiVNo3YgVfyN93Qigiv,centerpartiet,22,32,-10,10
1959.0,1959,ak,1958,i-VS8ddgxigwL5TceKtXGApS,socialdemokraterna,111,111,0,0
1959.0,1959,fk,1959,i-3A4u29WVtvfu8i1KwuPEeE,högerpartiet,10,0,10,10
1959.0,1959,fk,1959,i-4nyjRorziqEDtDmp1ZXDoP,högerns_riksdagsgrupp,2,16,-14,14
1959.0,1959,fk,1959,i-CNbGLyuzdkRJ2sJBBpzJit,bondeförbundet,6,0,6,6
1959.0,1959,fk,1959,i-F6Stwe8wVnSPa3BbgusszQ,moderata_samlingspartiet,5,0,5,5
1959.0,1959,fk,1959,i-FpGjUCojANuvvwqsNXjcuu,folkpartiet,30,32,-2,2
1959.0,1959,fk,1959,i-TQCUzfkvYhBFrXeQwXoENH,sveriges_kommunistiska_parti,1,2,-1,1
1959.0,1959,fk,1959,i-UiFZiVNo3YgVfyN93Qigiv,centerpartiet,16,22,-6,6
1959.0,1959,fk,1959,i-VS8ddgxigwL5TceKtXGApS,socialdemokraterna,80,79,1,1
1960.0,1960,ak,1958,i-3A4u29WVtvfu8i1KwuPEeE,högerpartiet,33,0,33,33
1960.0,1960,ak,1958,i-4nyjRorziqEDtDmp1ZXDoP,högerns_riksdagsgrupp,4,45,-41,41
1960.0,1960,ak,1958,i-CNbGLyuzdkRJ2sJBBpzJit,bondeförbundet,10,0,10,10
1960.0,1960,ak,1958,i-F6Stwe8wVnSPa3BbgusszQ,moderata_samlingspartiet,7,0,7,7
1960.0,1960,ak,1958,i-FpGjUCojANuvvwqsNXjcuu,folkpartiet,33,38,-5,5
1960.0,1960,ak,1958,i-UiFZiVNo3YgVfyN93Qigiv,centerpartiet,22,32,-10,10
1960.0,1960,ak,1958,i-VS8ddgxigwL5TceKtXGApS,socialdemokraterna,111,111,0,0
1960.0,1960,fk,1960,i-3A4u29WVtvfu8i1KwuPEeE,högerpartiet,10,0,10,10
1960.0,1960,fk,1960,i-4nyjRorziqEDtDmp1ZXDoP,högerns_riksdagsgrupp,1,17,-16,16
1960.0,1960,fk,1960,i-CNbGLyuzdkRJ2sJBBpzJit,bondeförbundet,4,0,4,4
1960.0,1960,fk,1960,i-F6Stwe8wVnSPa3BbgusszQ,moderata_samlingspartiet,7,0,7,7
1960.0,1960,fk,1960,i-FpGjUCojANuvvwqsNXjcuu,folkpartiet,30,32,-2,2
1960.0,1960,fk,1960,i-TQCUzfkvYhBFrXeQwXoENH,sveriges_kommunistiska_parti,1,2,-1,1
1960.0,1960,fk,1960,i-UiFZiVNo3YgVfyN93Qigiv,centerpartiet,18,22,-4,4
1960.0,1960,fk,1960,i-VS8ddgxigwL5TceKtXGApS,socialdemokraterna,80,78,2,2
1961.0,1961,ak,1961,i-3A4u29WVtvfu8i1KwuPEeE,högerpartiet,28,0,28,28
1961.0,1961,ak,1961,i-4nyjRorziqEDtDmp1ZXDoP,högerns_riksdagsgrupp,3,39,-36,36
1961.0,1961,ak,1961,i-CNbGLyuzdkRJ2sJBBpzJit,bondeförbundet,7,0,7,7
1961.0,1961,ak,1961,i-F6Stwe8wVnSPa3BbgusszQ,moderata_samlingspartiet,7,0,7,7
1961.0,1961,ak,1961,i-FpGjUCojANuvvwqsNXjcuu,folkpartiet,36,40,-4,4
1961.0,1961,ak,1961,i-UiFZiVNo3YgVfyN93Qigiv,centerpartiet,25,34,-9,9
1961.0,1961,ak,1961,i-VS8ddgxigwL5TceKtXGApS,socialdemokraterna,115,114,1,1
1961.0,1961,fk,1961,i-3A4u29WVtvfu8i1KwuPEeE,högerpartiet,12,0,12,12
1961.0,1961,fk,1961,i-4nyjRorziqEDtDmp1ZXDoP,högerns_riksdagsgrupp,1,19,-18,18
1961.0,1961,fk,1961,i-CNbGLyuzdkRJ2sJBBpzJit,bondeförbundet,3,0,3,3
1961.0,1961,fk,1961,i-F6Stwe8wVnSPa3BbgusszQ,moderata_samlingspartiet,7,0,7,7
1961.0,1961,fk,1961,i-FpGjUCojANuvvwqsNXjcuu,folkpartiet,32,33,-1,1
1961.0,1961,fk,1961,i-TQCUzfkvYhBFrXeQwXoENH,sveriges_kommunistiska_parti,1,2,-1,1
1961.0,1961,fk,1961,i-UiFZiVNo3YgVfyN93Qigiv,centerpartiet,17,20,-3,3
1961.0,1961,fk,1961,i-VS8ddgxigwL5TceKtXGApS,socialdemokraterna,78,77,1,1
1962.0,1962,ak,1961,i-3A4u29WVtvfu8i1KwuPEeE,högerpartiet,29,0,29,29
1962.0,1962,ak,1961,i-4nyjRorziqEDtDmp1ZXDoP,högerns_riksdagsgrupp,3,39,-36,36
1962.0,1962,ak,1961,i-CNbGLyuzdkRJ2sJBBpzJit,bondeförbundet,7,0,7,7
1962.0,1962,ak,1961,i-F6Stwe8wVnSPa3BbgusszQ,moderata_samlingspartiet,7,0,7,7
1962.0,1962,ak,1961,i-FpGjUCojANuvvwqsNXjcuu,folkpartiet,36,40,-4,4
1962.0,1962,ak,1961,i-UiFZiVNo3YgVfyN93Qigiv,centerpartiet,25,34,-9,9
1962.0,1962,ak,1961,i-VS8ddgxigwL5TceKtXGApS,socialdemokraterna,114,114,0,0
1962.0,1962,fk,1962,i-3A4u29WVtvfu8i1KwuPEeE,högerpartiet,13,0,13,13
1962.0,1962,fk,1962,i-4nyjRorziqEDtDmp1ZXDoP,högerns_riksdagsgrupp,2,23,-21,21
1962.0,1962,fk,1962,i-CNbGLyuzdkRJ2sJBBpzJit,bondeförbundet,3,0,3,3
1962.0,1962,fk,1962,i-F6Stwe8wVnSPa3BbgusszQ,moderata_samlingspartiet,9,0,9,9
1962.0,1962,fk,1962,i-FpGjUCojANuvvwqsNXjcuu,folkpartiet,27,29,-2,2
1962.0,1962,fk,1962,i-TQCUzfkvYhBFrXeQwXoENH,sveriges_kommunistiska_parti,1,3,-2,2
1962.0,1962,fk,1962,i-UiFZiVNo3YgVfyN93Qigiv,centerpartiet,16,19,-3,3
1962.0,1962,fk,1962,i-VS8ddgxigwL5TceKtXGApS,socialdemokraterna,78,77,1,1
1963.0,1963,ak,1961,i-3A4u29WVtvfu8i1KwuPEeE,högerpartiet,28,0,28,28
1963.0,1963,ak,1961,i-4nyjRorziqEDtDmp1ZXDoP,högerns_riksdagsgrupp,3,39,-36,36
1963.0,1963,ak,1961,i-CNbGLyuzdkRJ2sJBBpzJit,bondeförbundet,7,0,7,7
1963.0,1963,ak,1961,i-F6Stwe8wVnSPa3BbgusszQ,moderata_samlingspartiet,9,0,9,9
1963.0,1963,ak,1961,i-FpGjUCojANuvvwqsNXjcuu,folkpartiet,35,40,-5,5
1963.0,1963,ak,1961,i-UiFZiVNo3YgVfyN93Qigiv,centerpartiet,25,34,-9,9
1963.0,1963,ak,1961,i-VS8ddgxigwL5TceKtXGApS,socialdemokraterna,114,114,0,0
1963.0,1963,fk,1963,i-3A4u29WVtvfu8i1KwuPEeE,högerpartiet,13,0,13,13
1963.0,1963,fk,1963,i-4nyjRorziqEDtDmp1ZXDoP,högerns_riksdagsgrupp,2,26,-24,24
1963.0,1963,fk,1963,i-CNbGLyuzdkRJ2sJBBpzJit,bondeförbundet,3,0,3,3
1963.0,1963,fk,1963,i-F6Stwe8wVnSPa3BbgusszQ,moderata_samlingspartiet,12,0,12,12
1963.0,1963,fk,1963,i-FpGjUCojANuvvwqsNXjcuu,folkpartiet,25,27,-2,2
1963.0,1963,fk,1963,i-UiFZiVNo3YgVfyN93Qigiv,centerpartiet,16,19,-3,3
1963.0,1963,fk,1963,i-VS8ddgxigwL5TceKtXGApS,socialdemokraterna,78,77,1,1
1964.0,1964,ak,1961,i-3A4u29WVtvfu8i1KwuPEeE,högerpartiet,28,0,28,28
1964.0,1964,ak,1961,i-4nyjRorziqEDtDmp1ZXDoP,högerns_riksdagsgrupp,3,39,-36,36
1964.0,1964,ak,1961,i-CNbGLyuzdkRJ2sJBBpzJit,bondeförbundet,7,0,7,7
1964.0,1964,ak,1961,i-F6Stwe8wVnSPa3BbgusszQ,moderata_samlingspartiet,9,0,9,9
1964.0,1964,ak,1961,i-FpGjUCojANuvvwqsNXjcuu,folkpartiet,35,40,-5,5
1964.0,1964,ak,1961,i-UiFZiVNo3YgVfyN93Qigiv,centerpartiet,25,34,-9,9
1964.0,1964,ak,1961,i-VS8ddgxigwL5TceKtXGApS,socialdemokraterna,114,114,0,0
1964.0,1964,fk,1964,i-3A4u29WVtvfu8i1KwuPEeE,högerpartiet,14,0,14,14
1964.0,1964,fk,1964,i-4nyjRorziqEDtDmp1ZXDoP,högerns_riksdagsgrupp,2,26,-24,24
1964.0,1964,fk,1964,i-CNbGLyuzdkRJ2sJBBpzJit,bondeförbundet,2,0,2,2
1964.0,1964,fk,1964,i-F6Stwe8wVnSPa3BbgusszQ,moderata_samlingspartiet,11,0,11,11
1964.0,1964,fk,1964,i-FpGjUCojANuvvwqsNXjcuu,folkpartiet,25,27,-2,2
1964.0,1964,fk,1964,i-UiFZiVNo3YgVfyN93Qigiv,centerpartiet,16,18,-2,2
1964.0,1964,fk,1964,i-VS8ddgxigwL5TceKtXGApS,socialdemokraterna,79,78,1,1
1965.0,1965,ak,1965,i-3A4u29WVtvfu8i1KwuPEeE,högerpartiet,19,0,19,19
1965.0,1965,ak,1965,i-4nyjRorziqEDtDmp1ZXDoP,högerns_riksdagsgrupp,1,33,-32,32
1965.0,1965,ak,1965,i-ANbQF76SzeSESXQFvzPzFw,medborgerlig_samling_(1964–1968),1,1,0,0
1965.0,1965,ak,1965,i-CNbGLyuzdkRJ2sJBBpzJit,bondeförbundet,4,0,4,4
1965.0,1965,ak,1965,i-F6Stwe8wVnSPa3BbgusszQ,moderata_samlingspartiet,13,0,13,13
1965.0,1965,ak,1965,i-FpGjUCojANuvvwqsNXjcuu,folkpartiet,36,43,-7,7
1965.0,1965,ak,1965,i-UiFZiVNo3YgVfyN93Qigiv,centerpartiet,29,35,-6,6
1965.0,1965,ak,1965,i-VS8ddgxigwL5TceKtXGApS,socialdemokraterna,113,113,0,0
1965.0,1965,fk,1965,i-3A4u29WVtvfu8i1KwuPEeE,högerpartiet,13,0,13,13
1965.0,1965,fk,1965,i-4nyjRorziqEDtDmp1ZXDoP,högerns_riksdagsgrupp,1,26,-25,25
1965.0,1965,fk,1965,i-CNbGLyuzdkRJ2sJBBpzJit,bondeförbundet,2,0,2,2
1965.0,1965,fk,1965,i-F6Stwe8wVnSPa3BbgusszQ,moderata_samlingspartiet,13,0,13,13
1965.0,1965,fk,1965,i-FpGjUCojANuvvwqsNXjcuu,folkpartiet,23,26,-3,3
1965.0,1965,fk,1965,i-UiFZiVNo3YgVfyN93Qigiv,centerpartiet,17,19,-2,2
1965.0,1965,fk,1965,i-VS8ddgxigwL5TceKtXGApS,socialdemokraterna,78,78,0,0
1966.0,1966,ak,1965,i-3A4u29WVtvfu8i1KwuPEeE,högerpartiet,17,0,17,17
1966.0,1966,ak,1965,i-4nyjRorziqEDtDmp1ZXDoP,högerns_riksdagsgrupp,1,33,-32,32
1966.0,1966,ak,1965,i-ANbQF76SzeSESXQFvzPzFw,medborgerlig_samling_(1964–1968),1,1,0,0
1966.0,1966,ak,1965,i-CNbGLyuzdkRJ2sJBBpzJit,bondeförbundet,4,0,4,4
1966.0,1966,ak,1965,i-F6Stwe8wVnSPa3BbgusszQ,moderata_samlingspartiet,14,0,14,14
1966.0,1966,ak,1965,i-FpGjUCojANuvvwqsNXjcuu,folkpartiet,36,43,-7,7
1966.0,1966,ak,1965,i-UiFZiVNo3YgVfyN93Qigiv,centerpartiet,30,35,-5,5
1966.0,1966,ak,1965,i-VS8ddgxigwL5TceKtXGApS,socialdemokraterna,113,113,0,0
1966.0,1966,fk,1966,i-3A4u29WVtvfu8i1KwuPEeE,högerpartiet,13,0,13,13
1966.0,1966,fk,1966,i-4nyjRorziqEDtDmp1ZXDoP,högerns_riksdagsgrupp,1,26,-25,25
1966.0,1966,fk,1966,i-CNbGLyuzdkRJ2sJBBpzJit,bondeförbundet,2,0,2,2
1966.0,1966,fk,1966,i-F6Stwe8wVnSPa3BbgusszQ,moderata_samlingspartiet,13,0,13,13
1966.0,1966,fk,1966,i-FpGjUCojANuvvwqsNXjcuu,folkpartiet,24,26,-2,2
1966.0,1966,fk,1966,i-UiFZiVNo3YgVfyN93Qigiv,centerpartiet,16,18,-2,2
1966.0,1966,fk,1966,i-VS8ddgxigwL5TceKtXGApS,socialdemokraterna,81,79,2,2
1967.0,1967,ak,1967,i-3A4u29WVtvfu8i1KwuPEeE,högerpartiet,17,0,17,17
1967.0,1967,ak,1967,i-4nyjRorziqEDtDmp1ZXDoP,högerns_riksdagsgrupp,1,33,-32,32
1967.0,1967,ak,1967,i-ANbQF76SzeSESXQFvzPzFw,medborgerlig_samling_(1964–1968),1,1,0,0
1967.0,1967,ak,1967,i-CNbGLyuzdkRJ2sJBBpzJit,bondeförbundet,4,0,4,4
1967.0,1967,ak,1967,i-F6Stwe8wVnSPa3BbgusszQ,moderata_samlingspartiet,14,0,14,14
1967.0,1967,ak,1967,i-FpGjUCojANuvvwqsNXjcuu,folkpartiet,35,43,-8,8
1967.0,1967,ak,1967,i-UiFZiVNo3YgVfyN93Qigiv,centerpartiet,29,35,-6,6
1967.0,1967,ak,1967,i-VS8ddgxigwL5TceKtXGApS,socialdemokraterna,113,113,0,0
1967.0,1967,fk,1967,i-3A4u29WVtvfu8i1KwuPEeE,högerpartiet,12,0,12,12
1967.0,1967,fk,1967,i-4nyjRorziqEDtDmp1ZXDoP,högerns_riksdagsgrupp,1,26,-25,25
1967.0,1967,fk,1967,i-CNbGLyuzdkRJ2sJBBpzJit,bondeförbundet,2,0,2,2
1967.0,1967,fk,1967,i-F6Stwe8wVnSPa3BbgusszQ,moderata_samlingspartiet,14,0,14,14
1967.0,1967,fk,1967,i-FpGjUCojANuvvwqsNXjcuu,folkpartiet,22,25,-3,3
1967.0,1967,fk,1967,i-UiFZiVNo3YgVfyN93Qigiv,centerpartiet,17,19,-2,2
1967.0,1967,fk,1967,i-VS8ddgxigwL5TceKtXGApS,socialdemokraterna,81,80,1,1
1968.0,1968,ak,1967,i-3A4u29WVtvfu8i1KwuPEeE,högerpartiet,17,0,17,17
1968.0,1968,ak,1967,i-4nyjRorziqEDtDmp1ZXDoP,högerns_riksdagsgrupp,1,33,-32,32
1968.0,1968,ak,1967,i-ANbQF76SzeSESXQFvzPzFw,medborgerlig_samling_(1964–1968),1,1,0,0
1968.0,1968,ak,1967,i-CNbGLyuzdkRJ2sJBBpzJit,bondeförbundet,4,0,4,4
1968.0,1968,ak,1967,i-F6Stwe8wVnSPa3BbgusszQ,moderata_samlingspartiet,14,0,14,14
1968.0,1968,ak,1967,i-FpGjUCojANuvvwqsNXjcuu,folkpartiet,35,43,-8,8
1968.0,1968,ak,1967,i-UiFZiVNo3YgVfyN93Qigiv,centerpartiet,29,35,-6,6
1968.0,1968,ak,1967,i-VS8ddgxigwL5TceKtXGApS,socialdemokraterna,113,113,0,0
1968.0,1968,fk,1968,i-3A4u29WVtvfu8i1KwuPEeE,högerpartiet,12,0,12,12
1968.0,1968,fk,1968,i-CNbGLyuzdkRJ2sJBBpzJit,bondeförbundet,2,0,2,2
1968.0,1968,fk,1968,i-F6Stwe8wVnSPa3BbgusszQ,moderata_samlingspartiet,14,0,14,14
1968.0,1968,fk,1968,i-FpGjUCojANuvvwqsNXjcuu,folkpartiet,22,25,-3,3
1968.0,1968,fk,1968,i-UiFZiVNo3YgVfyN93Qigiv,centerpartiet,19,21,-2,2
1968.0,1968,fk,1968,i-VS8ddgxigwL5TceKtXGApS,socialdemokraterna,81,79,2,2
1969.0,1969,ak,1969,i-3A4u29WVtvfu8i1KwuPEeE,högerpartiet,11,0,11,11
1969.0,1969,ak,1969,i-CNbGLyuzdkRJ2sJBBpzJit,bondeförbundet,3,0,3,3
1969.0,1969,ak,1969,i-F6Stwe8wVnSPa3BbgusszQ,moderata_samlingspartiet,20,32,-12,12
1969.0,1969,ak,1969,i-FpGjUCojANuvvwqsNXjcuu,folkpartiet,25,34,-9,9
1969.0,1969,ak,1969,i-UiFZiVNo3YgVfyN93Qigiv,centerpartiet,34,39,-5,5
1969.0,1969,ak,1969,i-VS8ddgxigwL5TceKtXGApS,socialdemokraterna,125,125,0,0
1969.0,1969,fk,1969,i-3A4u29WVtvfu8i1KwuPEeE,högerpartiet,9,0,9,9
1969.0,1969,fk,1969,i-CNbGLyuzdkRJ2sJBBpzJit,bondeförbundet,2,0,2,2
1969.0,1969,fk,1969,i-F6Stwe8wVnSPa3BbgusszQ,moderata_samlingspartiet,17,0,17,17
1969.0,1969,fk,1969,i-FpGjUCojANuvvwqsNXjcuu,folkpartiet,20,26,-6,6
1969.0,1969,fk,1969,i-UiFZiVNo3YgVfyN93Qigiv,centerpartiet,17,20,-3,3
1969.0,1969,fk,1969,i-VS8ddgxigwL5TceKtXGApS,socialdemokraterna,81,79,2,2
1970.0,1970,ak,,i-3A4u29WVtvfu8i1KwuPEeE,högerpartiet,12,0,12,12
1970.0,1970,ak,,i-CNbGLyuzdkRJ2sJBBpzJit,bondeförbundet,3,0,3,3
1970.0,1970,ak,,i-F6Stwe8wVnSPa3BbgusszQ,moderata_samlingspartiet,20,0,20,20
1970.0,1970,ak,,i-FpGjUCojANuvvwqsNXjcuu,folkpartiet,25,0,25,25
1970.0,1970,ak,,i-UiFZiVNo3YgVfyN93Qigiv,centerpartiet,34,0,34,34
1970.0,1970,ak,,i-VS8ddgxigwL5TceKtXGApS,socialdemokraterna,125,0,125,125
1970.0,1970,fk,1970,i-3A4u29WVtvfu8i1KwuPEeE,högerpartiet,8,0,8,8
1970.0,1970,fk,1970,i-CNbGLyuzdkRJ2sJBBpzJit,bondeförbundet,2,0,2,2
1970.0,1970,fk,1970,i-F6Stwe8wVnSPa3BbgusszQ,moderata_samlingspartiet,15,0,15,15
1970.0,1970,fk,1970,i-FpGjUCojANuvvwqsNXjcuu,folkpartiet,21,27,-6,6
1970.0,1970,fk,1970,i-UiFZiVNo3YgVfyN93Qigiv,centerpartiet,18,21,-3,3
1970.0,1970,fk,1970,i-VS8ddgxigwL5TceKtXGApS,socialdemokraterna,81,79,2,2
1971.0,1971,ek,1971,i-2SVXJYpXaRHXxbWRcbRd5N,vänsterpartiet_kommunisterna,17,17,0,0
1971.0,1971,ek,1971,i-F6Stwe8wVnSPa3BbgusszQ,moderata_samlingspartiet,41,41,0,0
1971.0,1971,ek,1971,i-FpGjUCojANuvvwqsNXjcuu,folkpartiet,62,58,4,4
1971.0,1971,ek,1971,i-UiFZiVNo3YgVfyN93Qigiv,centerpartiet,74,71,3,3
1971.0,1971,ek,1971,i-VS8ddgxigwL5TceKtXGApS,socialdemokraterna,166,163,3,3
1972.0,1972,ek,1971,i-2SVXJYpXaRHXxbWRcbRd5N,vänsterpartiet_kommunisterna,17,17,0,0
1972.0,1972,ek,1971,i-F6Stwe8wVnSPa3BbgusszQ,moderata_samlingspartiet,42,41,1,1
1972.0,1972,ek,1971,i-FpGjUCojANuvvwqsNXjcuu,folkpartiet,62,58,4,4
1972.0,1972,ek,1971,i-UiFZiVNo3YgVfyN93Qigiv,centerpartiet,74,71,3,3
1972.0,1972,ek,1971,i-VS8ddgxigwL5TceKtXGApS,socialdemokraterna,167,163,4,4
1973.0,1973,ek,1971,i-2SVXJYpXaRHXxbWRcbRd5N,vänsterpartiet_kommunisterna,17,17,0,0
1973.0,1973,ek,1971,i-F6Stwe8wVnSPa3BbgusszQ,moderata_samlingspartiet,42,41,1,1
1973.0,1973,ek,1971,i-FpGjUCojANuvvwqsNXjcuu,folkpartiet,62,58,4,4
1973.0,1973,ek,1971,i-UiFZiVNo3YgVfyN93Qigiv,centerpartiet,74,71,3,3
1973.0,1973,ek,1971,i-VS8ddgxigwL5TceKtXGApS,socialdemokraterna,166,163,3,3
1974.0,1974,ek,1974,i-2SVXJYpXaRHXxbWRcbRd5N,vänsterpartiet_kommunisterna,19,19,0,0
1974.0,1974,ek,1974,i-F6Stwe8wVnSPa3BbgusszQ,moderata_samlingspartiet,52,51,1,1
1974.0,1974,ek,1974,i-FpGjUCojANuvvwqsNXjcuu,folkpartiet,37,34,3,3
1974.0,1974,ek,1974,i-UiFZiVNo3YgVfyN93Qigiv,centerpartiet,93,90,3,3
1974.0,1974,ek,1974,i-VS8ddgxigwL5TceKtXGApS,socialdemokraterna,160,156,4,4
1975.0,1975,ek,1974,i-2SVXJYpXaRHXxbWRcbRd5N,vänsterpartiet_kommunisterna,19,19,0,0
1975.0,1975,ek,1974,i-F6Stwe8wVnSPa3BbgusszQ,moderata_samlingspartiet,52,51,1,1
1975.0,1975,ek,1974,i-FpGjUCojANuvvwqsNXjcuu,folkpartiet,37,34,3,3
1975.0,1975,ek,1974,i-UiFZiVNo3YgVfyN93Qigiv,centerpartiet,93,90,3,3
1975.0,1975,ek,1974,i-VS8ddgxigwL5TceKtXGApS,socialdemokraterna,160,156,4,4
1976.0,197576,ek,197576,i-2SVXJYpXaRHXxbWRcbRd5N,vänsterpartiet_kommunisterna,19,17,2,2
1976.0,197576,ek,197576,i-F6Stwe8wVnSPa3BbgusszQ,moderata_samlingspartiet,52,55,-3,3
1976.0,197576,ek,197576,i-FpGjUCojANuvvwqsNXjcuu,folkpartiet,37,39,-2,2
1976.0,197576,ek,197576,i-UiFZiVNo3YgVfyN93Qigiv,centerpartiet,93,86,7,7
1976.0,197576,ek,197576,i-VS8ddgxigwL5TceKtXGApS,socialdemokraterna,160,152,8,8
1977.0,197677,ek,197576,i-2SVXJYpXaRHXxbWRcbRd5N,vänsterpartiet_kommunisterna,17,17,0,0
1977.0,197677,ek,197576,i-F6Stwe8wVnSPa3BbgusszQ,moderata_samlingspartiet,56,55,1,1
1977.0,197677,ek,197576,i-FpGjUCojANuvvwqsNXjcuu,folkpartiet,42,39,3,3
1977.0,197677,ek,197576,i-UiFZiVNo3YgVfyN93Qigiv,centerpartiet,89,86,3,3
1977.0,197677,ek,197576,i-VS8ddgxigwL5TceKtXGApS,socialdemokraterna,155,152,3,3
1978.0,197778,ek,197576,i-2SVXJYpXaRHXxbWRcbRd5N,vänsterpartiet_kommunisterna,15,17,-2,2
1978.0,197778,ek,197576,i-F6Stwe8wVnSPa3BbgusszQ,moderata_samlingspartiet,56,55,1,1
1978.0,197778,ek,197576,i-FpGjUCojANuvvwqsNXjcuu,folkpartiet,43,39,4,4
1978.0,197778,ek,197576,i-UiFZiVNo3YgVfyN93Qigiv,centerpartiet,89,86,3,3
1978.0,197778,ek,197576,i-VS8ddgxigwL5TceKtXGApS,socialdemokraterna,155,152,3,3
1979.0,197879,ek,197576,i-2SVXJYpXaRHXxbWRcbRd5N,vänsterpartiet_kommunisterna,15,17,-2,2
1979.0,197879,ek,197576,i-F6Stwe8wVnSPa3BbgusszQ,moderata_samlingspartiet,57,55,2,2
1979.0,197879,ek,197576,i-FpGjUCojANuvvwqsNXjcuu,folkpartiet,42,39,3,3
1979.0,197879,ek,197576,i-UiFZiVNo3YgVfyN93Qigiv,centerpartiet,90,86,4,4
1979.0,197879,ek,197576,i-VS8ddgxigwL5TceKtXGApS,socialdemokraterna,154,152,2,2
1980.0,197980,ek,197980,i-2SVXJYpXaRHXxbWRcbRd5N,vänsterpartiet_kommunisterna,20,20,0,0
1980.0,197980,ek,197980,i-F6Stwe8wVnSPa3BbgusszQ,moderata_samlingspartiet,75,73,2,2
1980.0,197980,ek,197980,i-FpGjUCojANuvvwqsNXjcuu,folkpartiet,41,38,3,3
1980.0,197980,ek,197980,i-UiFZiVNo3YgVfyN93Qigiv,centerpartiet,69,64,5,5
1980.0,197980,ek,197980,i-VS8ddgxigwL5TceKtXGApS,socialdemokraterna,157,154,3,3
1981.0,198081,ek,197980,i-2SVXJYpXaRHXxbWRcbRd5N,vänsterpartiet_kommunisterna,20,20,0,0
1981.0,198081,ek,197980,i-F6Stwe8wVnSPa3BbgusszQ,moderata_samlingspartiet,75,73,2,2
1981.0,198081,ek,197980,i-FpGjUCojANuvvwqsNXjcuu,folkpartiet,41,38,3,3
1981.0,198081,ek,197980,i-UiFZiVNo3YgVfyN93Qigiv,centerpartiet,71,64,7,7
1981.0,198081,ek,197980,i-VS8ddgxigwL5TceKtXGApS,socialdemokraterna,157,154,3,3
1982.0,198182,ek,197980,i-2SVXJYpXaRHXxbWRcbRd5N,vänsterpartiet_kommunisterna,20,20,0,0
1982.0,198182,ek,197980,i-F6Stwe8wVnSPa3BbgusszQ,moderata_samlingspartiet,74,73,1,1
1982.0,198182,ek,197980,i-FpGjUCojANuvvwqsNXjcuu,folkpartiet,40,38,2,2
1982.0,198182,ek,197980,i-UiFZiVNo3YgVfyN93Qigiv,centerpartiet,71,64,7,7
1982.0,198182,ek,197980,i-VS8ddgxigwL5TceKtXGApS,socialdemokraterna,157,154,3,3
1983.0,198283,ek,198283,i-2SVXJYpXaRHXxbWRcbRd5N,vänsterpartiet_kommunisterna,20,20,0,0
1983.0,198283,ek,198283,i-F6Stwe8wVnSPa3BbgusszQ,moderata_samlingspartiet,88,86,2,2
1983.0,198283,ek,198283,i-FpGjUCojANuvvwqsNXjcuu,folkpartiet,21,21,0,0
1983.0,198283,ek,198283,i-UiFZiVNo3YgVfyN93Qigiv,centerpartiet,61,56,5,5
1983.0,198283,ek,198283,i-VS8ddgxigwL5TceKtXGApS,socialdemokraterna,170,166,4,4
1984.0,198384,ek,198283,i-2SVXJYpXaRHXxbWRcbRd5N,vänsterpartiet_kommunisterna,20,20,0,0
1984.0,198384,ek,198283,i-F6Stwe8wVnSPa3BbgusszQ,moderata_samlingspartiet,88,86,2,2
1984.0,198384,ek,198283,i-FpGjUCojANuvvwqsNXjcuu,folkpartiet,21,21,0,0
1984.0,198384,ek,198283,i-UiFZiVNo3YgVfyN93Qigiv,centerpartiet,60,56,4,4
1984.0,198384,ek,198283,i-VS8ddgxigwL5TceKtXGApS,socialdemokraterna,170,166,4,4
1985.0,198485,ek,198283,i-2SVXJYpXaRHXxbWRcbRd5N,vänsterpartiet_kommunisterna,20,20,0,0
1985.0,198485,ek,198283,i-F6Stwe8wVnSPa3BbgusszQ,moderata_samlingspartiet,88,86,2,2
1985.0,198485,ek,198283,i-FpGjUCojANuvvwqsNXjcuu,folkpartiet,22,21,1,1
1985.0,198485,ek,198283,i-UiFZiVNo3YgVfyN93Qigiv,centerpartiet,60,56,4,4
1985.0,198485,ek,198283,i-VS8ddgxigwL5TceKtXGApS,socialdemokraterna,171,166,5,5
1986.0,198586,ek,198586,i-2SVXJYpXaRHXxbWRcbRd5N,vänsterpartiet_kommunisterna,19,19,0,0
1986.0,198586,ek,198586,i-F6Stwe8wVnSPa3BbgusszQ,moderata_samlingspartiet,78,76,2,2
1986.0,198586,ek,198586,i-FpGjUCojANuvvwqsNXjcuu,folkpartiet,53,51,2,2
1986.0,198586,ek,198586,i-UiFZiVNo3YgVfyN93Qigiv,centerpartiet,48,44,4,4
1986.0,198586,ek,198586,i-VS8ddgxigwL5TceKtXGApS,socialdemokraterna,164,159,5,5
1987.0,198687,ek,198586,i-2SVXJYpXaRHXxbWRcbRd5N,vänsterpartiet_kommunisterna,19,19,0,0
1987.0,198687,ek,198586,i-F6Stwe8wVnSPa3BbgusszQ,moderata_samlingspartiet,78,76,2,2
1987.0,198687,ek,198586,i-FpGjUCojANuvvwqsNXjcuu,folkpartiet,53,51,2,2
1987.0,198687,ek,198586,i-UiFZiVNo3YgVfyN93Qigiv,centerpartiet,48,44,4,4
1987.0,198687,ek,198586,i-VS8ddgxigwL5TceKtXGApS,socialdemokraterna,164,159,5,5
1988.0,198788,ek,198586,i-2SVXJYpXaRHXxbWRcbRd5N,vänsterpartiet_kommunisterna,18,19,-1,1
1988.0,198788,ek,198586,i-F6Stwe8wVnSPa3BbgusszQ,moderata_samlingspartiet,78,76,2,2
1988.0,198788,ek,198586,i-FpGjUCojANuvvwqsNXjcuu,folkpartiet,53,51,2,2
1988.0,198788,ek,198586,i-UiFZiVNo3YgVfyN93Qigiv,centerpartiet,47,44,3,3
1988.0,198788,ek,198586,i-VS8ddgxigwL5TceKtXGApS,socialdemokraterna,164,159,5,5
1989.0,198889,ek,198889,i-2SVXJYpXaRHXxbWRcbRd5N,vänsterpartiet_kommunisterna,21,21,0,0
1989.0,198889,ek,198889,i-F6Stwe8wVnSPa3BbgusszQ,moderata_samlingspartiet,68,66,2,2
1989.0,198889,ek,198889,i-FpGjUCojANuvvwqsNXjcuu,folkpartiet,44,44,0,0
1989.0,198889,ek,198889,i-Qha9NerKBigcjJXgoRk4Md,miljöpartiet,20,20,0,0
1989.0,198889,ek,198889,i-UiFZiVNo3YgVfyN93Qigiv,centerpartiet,46,42,4,4
1989.0,198889,ek,198889,i-VS8ddgxigwL5TceKtXGApS,socialdemokraterna,161,156,5,5
1990.0,198990,ek,198889,i-CJb7bcc1eZcehvGarg8GpB,vänsterpartiet,21,0,21,21
1990.0,198990,ek,198889,i-F6Stwe8wVnSPa3BbgusszQ,moderata_samlingspartiet,68,66,2,2
1990.0,198990,ek,198889,i-Hm85EQfFmbYuYFPjpXtuCj,folkpartiet_liberalerna,44,0,44,44
1990.0,198990,ek,198889,i-Qha9NerKBigcjJXgoRk4Md,miljöpartiet,20,20,0,0
1990.0,198990,ek,198889,i-UiFZiVNo3YgVfyN93Qigiv,centerpartiet,46,42,4,4
1990.0,198990,ek,198889,i-VS8ddgxigwL5TceKtXGApS,socialdemokraterna,161,156,5,5
1991.0,199091,ek,199091,i-CJb7bcc1eZcehvGarg8GpB,vänsterpartiet,20,21,-1,1
1991.0,199091,ek,199091,i-F6Stwe8wVnSPa3BbgusszQ,moderata_samlingspartiet,68,66,2,2
1991.0,199091,ek,199091,i-Hm85EQfFmbYuYFPjpXtuCj,folkpartiet_liberalerna,44,44,0,0
1991.0,199091,ek,199091,i-Qha9NerKBigcjJXgoRk4Md,miljöpartiet,20,20,0,0
1991.0,199091,ek,199091,i-UiFZiVNo3YgVfyN93Qigiv,centerpartiet,46,42,4,4
1991.0,199091,ek,199091,i-VS8ddgxigwL5TceKtXGApS,socialdemokraterna,163,156,7,7
1992.0,199192,ek,199192,i-B79rKJX4ZV61ozevGt8JLL,kristdemokratiska_samhällspartiet,25,26,-1,1
1992.0,199192,ek,199192,i-CJb7bcc1eZcehvGarg8GpB,vänsterpartiet,16,16,0,0
1992.0,199192,ek,199192,i-F6Stwe8wVnSPa3BbgusszQ,moderata_samlingspartiet,83,80,3,3
1992.0,199192,ek,199192,i-Hm85EQfFmbYuYFPjpXtuCj,folkpartiet_liberalerna,33,33,0,0
1992.0,199192,ek,199192,i-UiFZiVNo3YgVfyN93Qigiv,centerpartiet,35,31,4,4
1992.0,199192,ek,199192,i-VS8ddgxigwL5TceKtXGApS,socialdemokraterna,143,138,5,5
1992.0,199192,ek,199192,i-YYGgpk3VEG9XW1wZTzUShT,ny_demokrati,25,25,0,0
1993.0,199293,ek,199192,i-B79rKJX4ZV61ozevGt8JLL,kristdemokratiska_samhällspartiet,26,26,0,0
1993.0,199293,ek,199192,i-CJb7bcc1eZcehvGarg8GpB,vänsterpartiet,14,16,-2,2
1993.0,199293,ek,199192,i-F6Stwe8wVnSPa3BbgusszQ,moderata_samlingspartiet,83,80,3,3
1993.0,199293,ek,199192,i-Hm85EQfFmbYuYFPjpXtuCj,folkpartiet_liberalerna,33,33,0,0
1993.0,199293,ek,199192,i-UiFZiVNo3YgVfyN93Qigiv,centerpartiet,35,31,4,4
1993.0,199293,ek,199192,i-VS8ddgxigwL5TceKtXGApS,socialdemokraterna,143,138,5,5
1993.0,199293,ek,199192,i-YYGgpk3VEG9XW1wZTzUShT,ny_demokrati,25,25,0,0
1994.0,199394,ek,199192,i-851f4cdfa36f4dbab4b24855a1eb43ce,utan_partibeteckning,1,0,1,1
1994.0,199394,ek,199192,i-B79rKJX4ZV61ozevGt8JLL,kristdemokratiska_samhällspartiet,27,26,1,1
1994.0,199394,ek,199192,i-CJb7bcc1eZcehvGarg8GpB,vänsterpartiet,14,16,-2,2
1994.0,199394,ek,199192,i-F6Stwe8wVnSPa3BbgusszQ,moderata_samlingspartiet,83,80,3,3
1994.0,199394,ek,199192,i-Hm85EQfFmbYuYFPjpXtuCj,folkpartiet_liberalerna,33,33,0,0
1994.0,199394,ek,199192,i-UiFZiVNo3YgVfyN93Qigiv,centerpartiet,35,31,4,4
1994.0,199394,ek,199192,i-VS8ddgxigwL5TceKtXGApS,socialdemokraterna,143,138,5,5
1994.0,199394,ek,199192,i-YYGgpk3VEG9XW1wZTzUShT,ny_demokrati,24,25,-1,1
1995.0,199495,ek,199495,i-B79rKJX4ZV61ozevGt8JLL,kristdemokratiska_samhällspartiet,16,15,1,1
1995.0,199495,ek,199495,i-CJb7bcc1eZcehvGarg8GpB,vänsterpartiet,22,22,0,0
1995.0,199495,ek,199495,i-F6Stwe8wVnSPa3BbgusszQ,moderata_samlingspartiet,82,80,2,2
1995.0,199495,ek,199495,i-Hm85EQfFmbYuYFPjpXtuCj,folkpartiet_liberalerna,26,26,0,0
1995.0,199495,ek,199495,i-Qha9NerKBigcjJXgoRk4Md,miljöpartiet,18,18,0,0
1995.0,199495,ek,199495,i-UiFZiVNo3YgVfyN93Qigiv,centerpartiet,31,27,4,4
1995.0,199495,ek,199495,i-VS8ddgxigwL5TceKtXGApS,socialdemokraterna,166,161,5,5
1996.0,199596,ek,199495,i-B79rKJX4ZV61ozevGt8JLL,kristdemokratiska_samhällspartiet,1,15,-14,14
1996.0,199596,ek,199495,i-BRRSButj7zSqB1u7zD6hod,kristdemokraterna,16,0,16,16
1996.0,199596,ek,199495,i-CJb7bcc1eZcehvGarg8GpB,vänsterpartiet,22,22,0,0
1996.0,199596,ek,199495,i-F6Stwe8wVnSPa3BbgusszQ,moderata_samlingspartiet,81,80,1,1
1996.0,199596,ek,199495,i-Hm85EQfFmbYuYFPjpXtuCj,folkpartiet_liberalerna,26,26,0,0
1996.0,199596,ek,199495,i-Qha9NerKBigcjJXgoRk4Md,miljöpartiet,18,18,0,0
1996.0,199596,ek,199495,i-UiFZiVNo3YgVfyN93Qigiv,centerpartiet,31,27,4,4
1996.0,199596,ek,199495,i-VS8ddgxigwL5TceKtXGApS,socialdemokraterna,166,161,5,5
1997.0,199697,ek,199697,i-B79rKJX4ZV61ozevGt8JLL,kristdemokratiska_samhällspartiet,1,0,1,1
1997.0,199697,ek,199697,i-BRRSButj7zSqB1u7zD6hod,kristdemokraterna,16,15,1,1
1997.0,199697,ek,199697,i-CJb7bcc1eZcehvGarg8GpB,vänsterpartiet,22,22,0,0
1997.0,199697,ek,199697,i-F6Stwe8wVnSPa3BbgusszQ,moderata_samlingspartiet,81,80,1,1
1997.0,199697,ek,199697,i-Hm85EQfFmbYuYFPjpXtuCj,folkpartiet_liberalerna,26,26,0,0
1997.0,199697,ek,199697,i-Qha9NerKBigcjJXgoRk4Md,miljöpartiet,18,18,0,0
1997.0,199697,ek,199697,i-UiFZiVNo3YgVfyN93Qigiv,centerpartiet,31,27,4,4
1997.0,199697,ek,199697,i-VS8ddgxigwL5TceKtXGApS,socialdemokraterna,166,161,5,5
1998.0,199798,ek,199697,i-B79rKJX4ZV61ozevGt8JLL,kristdemokratiska_samhällspartiet,1,0,1,1
1998.0,199798,ek,199697,i-BRRSButj7zSqB1u7zD6hod,kristdemokraterna,16,15,1,1
1998.0,199798,ek,199697,i-CJb7bcc1eZcehvGarg8GpB,vänsterpartiet,22,22,0,0
1998.0,199798,ek,199697,i-F6Stwe8wVnSPa3BbgusszQ,moderata_samlingspartiet,81,80,1,1
1998.0,199798,ek,199697,i-Hm85EQfFmbYuYFPjpXtuCj,folkpartiet_liberalerna,26,26,0,0
1998.0,199798,ek,199697,i-Qha9NerKBigcjJXgoRk4Md,miljöpartiet,18,18,0,0
1998.0,199798,ek,199697,i-UiFZiVNo3YgVfyN93Qigiv,centerpartiet,31,27,4,4
1998.0,199798,ek,199697,i-VS8ddgxigwL5TceKtXGApS,socialdemokraterna,166,161,5,5
1999.0,199899,ek,199899,i-B79rKJX4ZV61ozevGt8JLL,kristdemokratiska_samhällspartiet,1,0,1,1
1999.0,199899,ek,199899,i-BRRSButj7zSqB1u7zD6hod,kristdemokraterna,42,42,0,0
1999.0,199899,ek,199899,i-CJb7bcc1eZcehvGarg8GpB,vänsterpartiet,43,43,0,0
1999.0,199899,ek,199899,i-F6Stwe8wVnSPa3BbgusszQ,moderata_samlingspartiet,84,82,2,2
1999.0,199899,ek,199899,i-Hm85EQfFmbYuYFPjpXtuCj,folkpartiet_liberalerna,18,17,1,1
1999.0,199899,ek,199899,i-Qha9NerKBigcjJXgoRk4Md,miljöpartiet,16,16,0,0
1999.0,199899,ek,199899,i-UiFZiVNo3YgVfyN93Qigiv,centerpartiet,22,18,4,4
1999.0,199899,ek,199899,i-VS8ddgxigwL5TceKtXGApS,socialdemokraterna,135,131,4,4
2000.0,199900,ek,199899,i-B79rKJX4ZV61ozevGt8JLL,kristdemokratiska_samhällspartiet,1,0,1,1
2000.0,199900,ek,199899,i-BRRSButj7zSqB1u7zD6hod,kristdemokraterna,42,42,0,0
2000.0,199900,ek,199899,i-CJb7bcc1eZcehvGarg8GpB,vänsterpartiet,43,43,0,0
2000.0,199900,ek,199899,i-F6Stwe8wVnSPa3BbgusszQ,moderata_samlingspartiet,84,82,2,2
2000.0,199900,ek,199899,i-Hm85EQfFmbYuYFPjpXtuCj,folkpartiet_liberalerna,18,17,1,1
2000.0,199900,ek,199899,i-Qha9NerKBigcjJXgoRk4Md,miljöpartiet,16,16,0,0
2000.0,199900,ek,199899,i-UiFZiVNo3YgVfyN93Qigiv,centerpartiet,22,18,4,4
2000.0,199900,ek,199899,i-VS8ddgxigwL5TceKtXGApS,socialdemokraterna,135,131,4,4
2001.0,200001,ek,199899,i-851f4cdfa36f4dbab4b24855a1eb43ce,utan_partibeteckning,1,0,1,1
2001.0,200001,ek,199899,i-B79rKJX4ZV61ozevGt8JLL,kristdemokratiska_samhällspartiet,1,0,1,1
2001.0,200001,ek,199899,i-BRRSButj7zSqB1u7zD6hod,kristdemokraterna,42,42,0,0
2001.0,200001,ek,199899,i-CJb7bcc1eZcehvGarg8GpB,vänsterpartiet,43,43,0,0
2001.0,200001,ek,199899,i-F6Stwe8wVnSPa3BbgusszQ,moderata_samlingspartiet,83,82,1,1
2001.0,200001,ek,199899,i-Hm85EQfFmbYuYFPjpXtuCj,folkpartiet_liberalerna,18,17,1,1
2001.0,200001,ek,199899,i-Qha9NerKBigcjJXgoRk4Md,miljöpartiet,16,16,0,0
2001.0,200001,ek,199899,i-UiFZiVNo3YgVfyN93Qigiv,centerpartiet,22,18,4,4
2001.0,200001,ek,199899,i-VS8ddgxigwL5TceKtXGApS,socialdemokraterna,135,131,4,4
2002.0,200102,ek,199899,i-B79rKJX4ZV61ozevGt8JLL,kristdemokratiska_samhällspartiet,1,0,1,1
2002.0,200102,ek,199899,i-BRRSButj7zSqB1u7zD6hod,kristdemokraterna,42,42,0,0
2002.0,200102,ek,199899,i-CJb7bcc1eZcehvGarg8GpB,vänsterpartiet,43,43,0,0
2002.0,200102,ek,199899,i-Cb6hYmJf4EDxesFRgErquJ,sverigedemokraterna,1,0,1,1
2002.0,200102,ek,199899,i-F6Stwe8wVnSPa3BbgusszQ,moderata_samlingspartiet,83,82,1,1
2002.0,200102,ek,199899,i-Hm85EQfFmbYuYFPjpXtuCj,folkpartiet_liberalerna,18,17,1,1
2002.0,200102,ek,199899,i-Qha9NerKBigcjJXgoRk4Md,miljöpartiet,16,16,0,0
2002.0,200102,ek,199899,i-UiFZiVNo3YgVfyN93Qigiv,centerpartiet,22,18,4,4
2002.0,200102,ek,199899,i-VS8ddgxigwL5TceKtXGApS,socialdemokraterna,135,131,4,4
2003.0,200203,ek,200203,i-B79rKJX4ZV61ozevGt8JLL,kristdemokratiska_samhällspartiet,1,0,1,1
2003.0,200203,ek,200203,i-BRRSButj7zSqB1u7zD6hod,kristdemokraterna,33,33,0,0
2003.0,200203,ek,200203,i-CJb7bcc1eZcehvGarg8GpB,vänsterpartiet,30,30,0,0
2003.0,200203,ek,200203,i-F6Stwe8wVnSPa3BbgusszQ,moderata_samlingspartiet,57,55,2,2
2003.0,200203,ek,200203,i-Hm85EQfFmbYuYFPjpXtuCj,folkpartiet_liberalerna,48,48,0,0
2003.0,200203,ek,200203,i-Qha9NerKBigcjJXgoRk4Md,miljöpartiet,17,17,0,0
2003.0,200203,ek,200203,i-UiFZiVNo3YgVfyN93Qigiv,centerpartiet,26,22,4,4
2003.0,200203,ek,200203,i-VS8ddgxigwL5TceKtXGApS,socialdemokraterna,149,144,5,5
2004.0,200304,ek,200203,i-B79rKJX4ZV61ozevGt8JLL,kristdemokratiska_samhällspartiet,1,0,1,1
2004.0,200304,ek,200203,i-BRRSButj7zSqB1u7zD6hod,kristdemokraterna,33,33,0,0
2004.0,200304,ek,200203,i-CJb7bcc1eZcehvGarg8GpB,vänsterpartiet,29,30,-1,1
2004.0,200304,ek,200203,i-Cb6hYmJf4EDxesFRgErquJ,sverigedemokraterna,1,0,1,1
2004.0,200304,ek,200203,i-F6Stwe8wVnSPa3BbgusszQ,moderata_samlingspartiet,57,55,2,2
2004.0,200304,ek,200203,i-Hm85EQfFmbYuYFPjpXtuCj,folkpartiet_liberalerna,48,48,0,0
2004.0,200304,ek,200203,i-Qha9NerKBigcjJXgoRk4Md,miljöpartiet,17,17,0,0
2004.0,200304,ek,200203,i-UiFZiVNo3YgVfyN93Qigiv,centerpartiet,26,22,4,4
2004.0,200304,ek,200203,i-VS8ddgxigwL5TceKtXGApS,socialdemokraterna,149,144,5,5
2005.0,200405,ek,200203,i-B79rKJX4ZV61ozevGt8JLL,kristdemokratiska_samhällspartiet,1,0,1,1
2005.0,200405,ek,200203,i-BRRSButj7zSqB1u7zD6hod,kristdemokraterna,33,33,0,0
2005.0,200405,ek,200203,i-CJb7bcc1eZcehvGarg8GpB,vänsterpartiet,29,30,-1,1
2005.0,200405,ek,200203,i-Cb6hYmJf4EDxesFRgErquJ,sverigedemokraterna,1,0,1,1
2005.0,200405,ek,200203,i-F6Stwe8wVnSPa3BbgusszQ,moderata_samlingspartiet,57,55,2,2
2005.0,200405,ek,200203,i-Hm85EQfFmbYuYFPjpXtuCj,folkpartiet_liberalerna,48,48,0,0
2005.0,200405,ek,200203,i-Qha9NerKBigcjJXgoRk4Md,miljöpartiet,17,17,0,0
2005.0,200405,ek,200203,i-UiFZiVNo3YgVfyN93Qigiv,centerpartiet,26,22,4,4
2005.0,200405,ek,200203,i-VS8ddgxigwL5TceKtXGApS,socialdemokraterna,149,144,5,5
2006.0,200506,ek,200203,i-B79rKJX4ZV61ozevGt8JLL,kristdemokratiska_samhällspartiet,1,0,1,1
2006.0,200506,ek,200203,i-BRRSButj7zSqB1u7zD6hod,kristdemokraterna,33,33,0,0
2006.0,200506,ek,200203,i-CJb7bcc1eZcehvGarg8GpB,vänsterpartiet,28,30,-2,2
2006.0,200506,ek,200203,i-Cb6hYmJf4EDxesFRgErquJ,sverigedemokraterna,1,0,1,1
2006.0,200506,ek,200203,i-F6Stwe8wVnSPa3BbgusszQ,moderata_samlingspartiet,57,55,2,2
2006.0,200506,ek,200203,i-Hm85EQfFmbYuYFPjpXtuCj,folkpartiet_liberalerna,48,48,0,0
2006.0,200506,ek,200203,i-Qha9NerKBigcjJXgoRk4Md,miljöpartiet,18,17,1,1
2006.0,200506,ek,200203,i-UiFZiVNo3YgVfyN93Qigiv,centerpartiet,26,22,4,4
2006.0,200506,ek,200203,i-VS8ddgxigwL5TceKtXGApS,socialdemokraterna,149,144,5,5
2007.0,200607,ek,200607,i-B79rKJX4ZV61ozevGt8JLL,kristdemokratiska_samhällspartiet,1,0,1,1
2007.0,200607,ek,200607,i-BRRSButj7zSqB1u7zD6hod,kristdemokraterna,24,24,0,0
2007.0,200607,ek,200607,i-CJb7bcc1eZcehvGarg8GpB,vänsterpartiet,22,22,0,0
2007.0,200607,ek,200607,i-Cb6hYmJf4EDxesFRgErquJ,sverigedemokraterna,1,0,1,1
2007.0,200607,ek,200607,i-F6Stwe8wVnSPa3BbgusszQ,moderata_samlingspartiet,99,97,2,2
2007.0,200607,ek,200607,i-Hm85EQfFmbYuYFPjpXtuCj,folkpartiet_liberalerna,28,28,0,0
2007.0,200607,ek,200607,i-Qha9NerKBigcjJXgoRk4Md,miljöpartiet,19,19,0,0
2007.0,200607,ek,200607,i-UiFZiVNo3YgVfyN93Qigiv,centerpartiet,32,29,3,3
2007.0,200607,ek,200607,i-VS8ddgxigwL5TceKtXGApS,socialdemokraterna,135,130,5,5
2008.0,200708,ek,200607,i-B79rKJX4ZV61ozevGt8JLL,kristdemokratiska_samhällspartiet,1,0,1,1
2008.0,200708,ek,200607,i-BRRSButj7zSqB1u7zD6hod,kristdemokraterna,24,24,0,0
2008.0,200708,ek,200607,i-CJb7bcc1eZcehvGarg8GpB,vänsterpartiet,22,22,0,0
2008.0,200708,ek,200607,i-Cb6hYmJf4EDxesFRgErquJ,sverigedemokraterna,1,0,1,1
2008.0,200708,ek,200607,i-F6Stwe8wVnSPa3BbgusszQ,moderata_samlingspartiet,99,97,2,2
2008.0,200708,ek,200607,i-Hm85EQfFmbYuYFPjpXtuCj,folkpartiet_liberalerna,28,28,0,0
2008.0,200708,ek,200607,i-Qha9NerKBigcjJXgoRk4Md,miljöpartiet,19,19,0,0
2008.0,200708,ek,200607,i-UiFZiVNo3YgVfyN93Qigiv,centerpartiet,32,29,3,3
2008.0,200708,ek,200607,i-VS8ddgxigwL5TceKtXGApS,socialdemokraterna,135,130,5,5
2009.0,200809,ek,200607,i-B79rKJX4ZV61ozevGt8JLL,kristdemokratiska_samhällspartiet,1,0,1,1
2009.0,200809,ek,200607,i-BRRSButj7zSqB1u7zD6hod,kristdemokraterna,24,24,0,0
2009.0,200809,ek,200607,i-CJb7bcc1eZcehvGarg8GpB,vänsterpartiet,22,22,0,0
2009.0,200809,ek,200607,i-Cb6hYmJf4EDxesFRgErquJ,sverigedemokraterna,1,0,1,1
2009.0,200809,ek,200607,i-F6Stwe8wVnSPa3BbgusszQ,moderata_samlingspartiet,99,97,2,2
2009.0,200809,ek,200607,i-Hm85EQfFmbYuYFPjpXtuCj,folkpartiet_liberalerna,27,28,-1,1
2009.0,200809,ek,200607,i-Qha9NerKBigcjJXgoRk4Md,miljöpartiet,19,19,0,0
2009.0,200809,ek,200607,i-UiFZiVNo3YgVfyN93Qigiv,centerpartiet,32,29,3,3
2009.0,200809,ek,200607,i-VS8ddgxigwL5TceKtXGApS,socialdemokraterna,135,130,5,5
2010.0,200910,ek,200607,i-B79rKJX4ZV61ozevGt8JLL,kristdemokratiska_samhällspartiet,1,0,1,1
2010.0,200910,ek,200607,i-BRRSButj7zSqB1u7zD6hod,kristdemokraterna,24,24,0,0
2010.0,200910,ek,200607,i-CJb7bcc1eZcehvGarg8GpB,vänsterpartiet,22,22,0,0
2010.0,200910,ek,200607,i-Cb6hYmJf4EDxesFRgErquJ,sverigedemokraterna,1,0,1,1
2010.0,200910,ek,200607,i-F6Stwe8wVnSPa3BbgusszQ,moderata_samlingspartiet,99,97,2,2
2010.0,200910,ek,200607,i-Hm85EQfFmbYuYFPjpXtuCj,folkpartiet_liberalerna,28,28,0,0
2010.0,200910,ek,200607,i-Qha9NerKBigcjJXgoRk4Md,miljöpartiet,19,19,0,0
2010.0,200910,ek,200607,i-UiFZiVNo3YgVfyN93Qigiv,centerpartiet,32,29,3,3
2010.0,200910,ek,200607,i-VS8ddgxigwL5TceKtXGApS,socialdemokraterna,135,130,5,5
2011.0,201011,ek,201011,i-B79rKJX4ZV61ozevGt8JLL,kristdemokratiska_samhällspartiet,1,0,1,1
2011.0,201011,ek,201011,i-BRRSButj7zSqB1u7zD6hod,kristdemokraterna,19,19,0,0
2011.0,201011,ek,201011,i-CJb7bcc1eZcehvGarg8GpB,vänsterpartiet,19,19,0,0
2011.0,201011,ek,201011,i-Cb6hYmJf4EDxesFRgErquJ,sverigedemokraterna,21,20,1,1
2011.0,201011,ek,201011,i-F6Stwe8wVnSPa3BbgusszQ,moderata_samlingspartiet,109,107,2,2
2011.0,201011,ek,201011,i-Hm85EQfFmbYuYFPjpXtuCj,folkpartiet_liberalerna,24,24,0,0
2011.0,201011,ek,201011,i-Qha9NerKBigcjJXgoRk4Md,miljöpartiet,25,25,0,0
2011.0,201011,ek,201011,i-UiFZiVNo3YgVfyN93Qigiv,centerpartiet,26,23,3,3
2011.0,201011,ek,201011,i-VS8ddgxigwL5TceKtXGApS,socialdemokraterna,117,112,5,5
2012.0,201112,ek,201011,i-851f4cdfa36f4dbab4b24855a1eb43ce,utan_partibeteckning,1,0,1,1
2012.0,201112,ek,201011,i-B79rKJX4ZV61ozevGt8JLL,kristdemokratiska_samhällspartiet,1,0,1,1
2012.0,201112,ek,201011,i-BRRSButj7zSqB1u7zD6hod,kristdemokraterna,19,19,0,0
2012.0,201112,ek,201011,i-CJb7bcc1eZcehvGarg8GpB,vänsterpartiet,19,19,0,0
2012.0,201112,ek,201011,i-Cb6hYmJf4EDxesFRgErquJ,sverigedemokraterna,20,20,0,0
2012.0,201112,ek,201011,i-F6Stwe8wVnSPa3BbgusszQ,moderata_samlingspartiet,109,107,2,2
2012.0,201112,ek,201011,i-Hm85EQfFmbYuYFPjpXtuCj,folkpartiet_liberalerna,24,24,0,0
2012.0,201112,ek,201011,i-Qha9NerKBigcjJXgoRk4Md,miljöpartiet,25,25,0,0
2012.0,201112,ek,201011,i-UiFZiVNo3YgVfyN93Qigiv,centerpartiet,26,23,3,3
2012.0,201112,ek,201011,i-VS8ddgxigwL5TceKtXGApS,socialdemokraterna,117,112,5,5
2013.0,201213,ek,201011,i-B79rKJX4ZV61ozevGt8JLL,kristdemokratiska_samhällspartiet,1,0,1,1
2013.0,201213,ek,201011,i-BRRSButj7zSqB1u7zD6hod,kristdemokraterna,19,19,0,0
2013.0,201213,ek,201011,i-CJb7bcc1eZcehvGarg8GpB,vänsterpartiet,19,19,0,0
2013.0,201213,ek,201011,i-Cb6hYmJf4EDxesFRgErquJ,sverigedemokraterna,21,20,1,1
2013.0,201213,ek,201011,i-F6Stwe8wVnSPa3BbgusszQ,moderata_samlingspartiet,109,107,2,2
2013.0,201213,ek,201011,i-Hm85EQfFmbYuYFPjpXtuCj,folkpartiet_liberalerna,24,24,0,0
2013.0,201213,ek,201011,i-Qha9NerKBigcjJXgoRk4Md,miljöpartiet,25,25,0,0
2013.0,201213,ek,201011,i-UiFZiVNo3YgVfyN93Qigiv,centerpartiet,26,23,3,3
2013.0,201213,ek,201011,i-VS8ddgxigwL5TceKtXGApS,socialdemokraterna,117,112,5,5
2014.0,201314,ek,201011,i-B79rKJX4ZV61ozevGt8JLL,kristdemokratiska_samhällspartiet,1,0,1,1
2014.0,201314,ek,201011,i-BRRSButj7zSqB1u7zD6hod,kristdemokraterna,19,19,0,0
2014.0,201314,ek,201011,i-CJb7bcc1eZcehvGarg8GpB,vänsterpartiet,19,19,0,0
2014.0,201314,ek,201011,i-Cb6hYmJf4EDxesFRgErquJ,sverigedemokraterna,21,20,1,1
2014.0,201314,ek,201011,i-F6Stwe8wVnSPa3BbgusszQ,moderata_samlingspartiet,109,107,2,2
2014.0,201314,ek,201011,i-Hm85EQfFmbYuYFPjpXtuCj,folkpartiet_liberalerna,24,24,0,0
2014.0,201314,ek,201011,i-Qha9NerKBigcjJXgoRk4Md,miljöpartiet,25,25,0,0
2014.0,201314,ek,201011,i-UiFZiVNo3YgVfyN93Qigiv,centerpartiet,26,23,3,3
2014.0,201314,ek,201011,i-VS8ddgxigwL5TceKtXGApS,socialdemokraterna,117,112,5,5
2015.0,201415,ek,201415,i-B79rKJX4ZV61ozevGt8JLL,kristdemokratiska_samhällspartiet,1,0,1,1
2015.0,201415,ek,201415,i-BRRSButj7zSqB1u7zD6hod,kristdemokraterna,16,16,0,0
2015.0,201415,ek,201415,i-CJb7bcc1eZcehvGarg8GpB,vänsterpartiet,21,21,0,0
2015.0,201415,ek,201415,i-Cb6hYmJf4EDxesFRgErquJ,sverigedemokraterna,50,49,1,1
2015.0,201415,ek,201415,i-F6Stwe8wVnSPa3BbgusszQ,moderata_samlingspartiet,86,84,2,2
2015.0,201415,ek,201415,i-Hm85EQfFmbYuYFPjpXtuCj,folkpartiet_liberalerna,19,19,0,0
2015.0,201415,ek,201415,i-Qha9NerKBigcjJXgoRk4Md,miljöpartiet,25,25,0,0
2015.0,201415,ek,201415,i-UiFZiVNo3YgVfyN93Qigiv,centerpartiet,25,22,3,3
2015.0,201415,ek,201415,i-VS8ddgxigwL5TceKtXGApS,socialdemokraterna,118,113,5,5
2016.0,201516,ek,201415,i-B79rKJX4ZV61ozevGt8JLL,kristdemokratiska_samhällspartiet,1,0,1,1
2016.0,201516,ek,201415,i-BRRSButj7zSqB1u7zD6hod,kristdemokraterna,16,16,0,0
2016.0,201516,ek,201415,i-CJb7bcc1eZcehvGarg8GpB,vänsterpartiet,21,21,0,0
2016.0,201516,ek,201415,i-Cb6hYmJf4EDxesFRgErquJ,sverigedemokraterna,49,49,0,0
2016.0,201516,ek,201415,i-F6Stwe8wVnSPa3BbgusszQ,moderata_samlingspartiet,86,84,2,2
2016.0,201516,ek,201415,i-Kpkv9BSujEEJp1S4rDiDt7,liberalerna,19,0,19,19
2016.0,201516,ek,201415,i-Qha9NerKBigcjJXgoRk4Md,miljöpartiet,25,25,0,0
2016.0,201516,ek,201415,i-UiFZiVNo3YgVfyN93Qigiv,centerpartiet,25,22,3,3
2016.0,201516,ek,201415,i-VS8ddgxigwL5TceKtXGApS,socialdemokraterna,118,113,5,5
2017.0,201617,ek,201617,i-B79rKJX4ZV61ozevGt8JLL,kristdemokratiska_samhällspartiet,1,0,1,1
2017.0,201617,ek,201617,i-BRRSButj7zSqB1u7zD6hod,kristdemokraterna,16,16,0,0
2017.0,201617,ek,201617,i-CJb7bcc1eZcehvGarg8GpB,vänsterpartiet,21,21,0,0
2017.0,201617,ek,201617,i-Cb6hYmJf4EDxesFRgErquJ,sverigedemokraterna,48,49,-1,1
2017.0,201617,ek,201617,i-F6Stwe8wVnSPa3BbgusszQ,moderata_samlingspartiet,86,84,2,2
2017.0,201617,ek,201617,i-Kpkv9BSujEEJp1S4rDiDt7,liberalerna,19,19,0,0
2017.0,201617,ek,201617,i-Qha9NerKBigcjJXgoRk4Md,miljöpartiet,25,25,0,0
2017.0,201617,ek,201617,i-UiFZiVNo3YgVfyN93Qigiv,centerpartiet,25,22,3,3
2017.0,201617,ek,201617,i-VS8ddgxigwL5TceKtXGApS,socialdemokraterna,118,113,5,5
2018.0,201718,ek,201617,i-B79rKJX4ZV61ozevGt8JLL,kristdemokratiska_samhällspartiet,1,0,1,1
2018.0,201718,ek,201617,i-BRRSButj7zSqB1u7zD6hod,kristdemokraterna,16,16,0,0
2018.0,201718,ek,201617,i-CJb7bcc1eZcehvGarg8GpB,vänsterpartiet,21,21,0,0
2018.0,201718,ek,201617,i-Cb6hYmJf4EDxesFRgErquJ,sverigedemokraterna,48,49,-1,1
2018.0,201718,ek,201617,i-F6Stwe8wVnSPa3BbgusszQ,moderata_samlingspartiet,85,84,1,1
2018.0,201718,ek,201617,i-Kpkv9BSujEEJp1S4rDiDt7,liberalerna,19,19,0,0
2018.0,201718,ek,201617,i-Qha9NerKBigcjJXgoRk4Md,miljöpartiet,25,25,0,0
2018.0,201718,ek,201617,i-UiFZiVNo3YgVfyN93Qigiv,centerpartiet,25,22,3,3
2018.0,201718,ek,201617,i-VS8ddgxigwL5TceKtXGApS,socialdemokraterna,118,113,5,5
2019.0,201819,ek,201819,i-B79rKJX4ZV61ozevGt8JLL,kristdemokratiska_samhällspartiet,1,0,1,1
2019.0,201819,ek,201819,i-BRRSButj7zSqB1u7zD6hod,kristdemokraterna,22,22,0,0
2019.0,201819,ek,201819,i-CJb7bcc1eZcehvGarg8GpB,vänsterpartiet,28,28,0,0
2019.0,201819,ek,201819,i-Cb6hYmJf4EDxesFRgErquJ,sverigedemokraterna,63,62,1,1
2019.0,201819,ek,201819,i-F6Stwe8wVnSPa3BbgusszQ,moderata_samlingspartiet,72,70,2,2
2019.0,201819,ek,201819,i-Kpkv9BSujEEJp1S4rDiDt7,liberalerna,20,20,0,0
2019.0,201819,ek,201819,i-Qha9NerKBigcjJXgoRk4Md,miljöpartiet,16,16,0,0
2019.0,201819,ek,201819,i-UiFZiVNo3YgVfyN93Qigiv,centerpartiet,34,31,3,3
2019.0,201819,ek,201819,i-VS8ddgxigwL5TceKtXGApS,socialdemokraterna,105,100,5,5
2020.0,201920,ek,201819,i-851f4cdfa36f4dbab4b24855a1eb43ce,utan_partibeteckning,1,0,1,1
2020.0,201920,ek,201819,i-B79rKJX4ZV61ozevGt8JLL,kristdemokratiska_samhällspartiet,1,0,1,1
2020.0,201920,ek,201819,i-BRRSButj7zSqB1u7zD6hod,kristdemokraterna,22,22,0,0
2020.0,201920,ek,201819,i-CJb7bcc1eZcehvGarg8GpB,vänsterpartiet,27,28,-1,1
2020.0,201920,ek,201819,i-Cb6hYmJf4EDxesFRgErquJ,sverigedemokraterna,63,62,1,1
2020.0,201920,ek,201819,i-F6Stwe8wVnSPa3BbgusszQ,moderata_samlingspartiet,72,70,2,2
2020.0,201920,ek,201819,i-Kpkv9BSujEEJp1S4rDiDt7,liberalerna,19,20,-1,1
2020.0,201920,ek,201819,i-Qha9NerKBigcjJXgoRk4Md,miljöpartiet,16,16,0,0
2020.0,201920,ek,201819,i-UiFZiVNo3YgVfyN93Qigiv,centerpartiet,34,31,3,3
2020.0,201920,ek,201819,i-VS8ddgxigwL5TceKtXGApS,socialdemokraterna,105,100,5,5
2021.0,202021,ek,201819,i-851f4cdfa36f4dbab4b24855a1eb43ce,utan_partibeteckning,1,0,1,1
2021.0,202021,ek,201819,i-B79rKJX4ZV61ozevGt8JLL,kristdemokratiska_samhällspartiet,1,0,1,1
2021.0,202021,ek,201819,i-BRRSButj7zSqB1u7zD6hod,kristdemokraterna,22,22,0,0
2021.0,202021,ek,201819,i-CJb7bcc1eZcehvGarg8GpB,vänsterpartiet,27,28,-1,1
2021.0,202021,ek,201819,i-Cb6hYmJf4EDxesFRgErquJ,sverigedemokraterna,63,62,1,1
2021.0,202021,ek,201819,i-F6Stwe8wVnSPa3BbgusszQ,moderata_samlingspartiet,72,70,2,2
2021.0,202021,ek,201819,i-Kpkv9BSujEEJp1S4rDiDt7,liberalerna,19,20,-1,1
2021.0,202021,ek,201819,i-Qha9NerKBigcjJXgoRk4Md,miljöpartiet,16,16,0,0
2021.0,202021,ek,201819,i-UiFZiVNo3YgVfyN93Qigiv,centerpartiet,34,31,3,3
2021.0,202021,ek,201819,i-VS8ddgxigwL5TceKtXGApS,socialdemokraterna,105,100,5,5
2022.0,202122,ek,201819,i-B79rKJX4ZV61ozevGt8JLL,kristdemokratiska_samhällspartiet,1,0,1,1
2022.0,202122,ek,201819,i-BRRSButj7zSqB1u7zD6hod,kristdemokraterna,22,22,0,0
2022.0,202122,ek,201819,i-CJb7bcc1eZcehvGarg8GpB,vänsterpartiet,27,28,-1,1
2022.0,202122,ek,201819,i-Cb6hYmJf4EDxesFRgErquJ,sverigedemokraterna,63,62,1,1
2022.0,202122,ek,201819,i-F6Stwe8wVnSPa3BbgusszQ,moderata_samlingspartiet,72,70,2,2
2022.0,202122,ek,201819,i-Kpkv9BSujEEJp1S4rDiDt7,liberalerna,20,20,0,0
2022.0,202122,ek,201819,i-Qha9NerKBigcjJXgoRk4Md,miljöpartiet,16,16,0,0
2022.0,202122,ek,201819,i-UiFZiVNo3YgVfyN93Qigiv,centerpartiet,34,31,3,3
2022.0,202122,ek,201819,i-VS8ddgxigwL5TceKtXGApS,socialdemokraterna,105,100,5,5
2023.0,202223,ek,202223,i-B79rKJX4ZV61ozevGt8JLL,kristdemokratiska_samhällspartiet,1,0,1,1
2023.0,202223,ek,202223,i-BRRSButj7zSqB1u7zD6hod,kristdemokraterna,19,19,0,0
2023.0,202223,ek,202223,i-CJb7bcc1eZcehvGarg8GpB,vänsterpartiet,24,24,0,0
2023.0,202223,ek,202223,i-Cb6hYmJf4EDxesFRgErquJ,sverigedemokraterna,75,73,2,2
2023.0,202223,ek,202223,i-F6Stwe8wVnSPa3BbgusszQ,moderata_samlingspartiet,70,68,2,2
2023.0,202223,ek,202223,i-Kpkv9BSujEEJp1S4rDiDt7,liberalerna,16,16,0,0
2023.0,202223,ek,202223,i-Qha9NerKBigcjJXgoRk4Md,miljöpartiet,18,18,0,0
2023.0,202223,ek,202223,i-UiFZiVNo3YgVfyN93Qigiv,centerpartiet,27,24,3,3
2023.0,202223,ek,202223,i-VS8ddgxigwL5TceKtXGApS,socialdemokraterna,111,107,4,4
2024.0,202324,ek,,i-B79rKJX4ZV61ozevGt8JLL,kristdemokratiska_samhällspartiet,1,0,1,1
2024.0,202324,ek,,i-BRRSButj7zSqB1u7zD6hod,kristdemokraterna,19,0,19,19
2024.0,202324,ek,,i-CJb7bcc1eZcehvGarg8GpB,vänsterpartiet,24,0,24,24
2024.0,202324,ek,,i-Cb6hYmJf4EDxesFRgErquJ,sverigedemokraterna,70,0,70,70
2024.0,202324,ek,,i-F6Stwe8wVnSPa3BbgusszQ,moderata_samlingspartiet,69,0,69,69
2024.0,202324,ek,,i-Kpkv9BSujEEJp1S4rDiDt7,liberalerna,16,0,16,16
2024.0,202324,ek,,i-Qha9NerKBigcjJXgoRk4Md,miljöpartiet,18,0,18,18
2024.0,202324,ek,,i-UiFZiVNo3YgVfyN93Qigiv,centerpartiet,26,0,26,26
2024.0,202324,ek,,i-VS8ddgxigwL5TceKtXGApS,socialdemokraterna,110,0,110,110
2025.0,202324,ek,,i-B79rKJX4ZV61ozevGt8JLL,kristdemokratiska_samhällspartiet,1,0,1,1
2025.0,202324,ek,,i-BRRSButj7zSqB1u7zD6hod,kristdemokraterna,19,0,19,19
2025.0,202324,ek,,i-CJb7bcc1eZcehvGarg8GpB,vänsterpartiet,24,0,24,24
2025.0,202324,ek,,i-Cb6hYmJf4EDxesFRgErquJ,sverigedemokraterna,69,0,69,69
2025.0,202324,ek,,i-F6Stwe8wVnSPa3BbgusszQ,moderata_samlingspartiet,69,0,69,69
2025.0,202324,ek,,i-Kpkv9BSujEEJp1S4rDiDt7,liberalerna,15,0,15,15
2025.0,202324,ek,,i-Qha9NerKBigcjJXgoRk4Md,miljöpartiet,17,0,17,17
2025.0,202324,ek,,i-UiFZiVNo3YgVfyN93Qigiv,centerpartiet,26,0,26,26
2025.0,202324,ek,,i-VS8ddgxigwL5TceKtXGApS,socialdemokraterna,110,0,110,110
,,ak,1967,i-2SVXJYpXaRHXxbWRcbRd5N,,0,8,-8,8
,,ak,1969,i-2SVXJYpXaRHXxbWRcbRd5N,,0,3,-3,3
,,ak,1924,i-SwzbNNYoyZYULLDiTu2zGP,,0,6,-6,6
,,ak,1934,i-TQCUzfkvYhBFrXeQwXoENH,,0,2,-2,2
,,ak,1935,i-TQCUzfkvYhBFrXeQwXoENH,,0,2,-2,2
,,ak,1937,i-TQCUzfkvYhBFrXeQwXoENH,,0,5,-5,5
,,ak,1941,i-TQCUzfkvYhBFrXeQwXoENH,,0,3,-3,3
,,ak,1945,i-TQCUzfkvYhBFrXeQwXoENH,,0,15,-15,15
,,ak,1949,i-TQCUzfkvYhBFrXeQwXoENH,,0,8,-8,8
,,ak,1953,i-TQCUzfkvYhBFrXeQwXoENH,,0,5,-5,5
,,ak,1957,i-TQCUzfkvYhBFrXeQwXoENH,,0,6,-6,6
,,ak,1958,i-TQCUzfkvYhBFrXeQwXoENH,,0,5,-5,5
,,ak,1961,i-TQCUzfkvYhBFrXeQwXoENH,,0,5,-5,5
,,ak,1965,i-TQCUzfkvYhBFrXeQwXoENH,,0,8,-8,8
,,fk,1967,i-2SVXJYpXaRHXxbWRcbRd5N,,0,1,-1,1
,,fk,1968,i-2SVXJYpXaRHXxbWRcbRd5N,,0,1,-1,1
,,fk,1969,i-2SVXJYpXaRHXxbWRcbRd5N,,0,1,-1,1
,,fk,1970,i-2SVXJYpXaRHXxbWRcbRd5N,,0,1,-1,1
,,fk,1968,i-4nyjRorziqEDtDmp1ZXDoP,,0,25,-25,25
,,fk,1969,i-4nyjRorziqEDtDmp1ZXDoP,,0,25,-25,25
,,fk,1970,i-4nyjRorziqEDtDmp1ZXDoP,,0,23,-23,23
,,fk,1924,i-SwzbNNYoyZYULLDiTu2zGP,,0,2,-2,2
,,fk,1939,i-TQCUzfkvYhBFrXeQwXoENH,,0,1,-1,1
,,fk,1940,i-TQCUzfkvYhBFrXeQwXoENH,,0,1,-1,1
,,fk,1941,i-TQCUzfkvYhBFrXeQwXoENH,,0,1,-1,1
,,fk,1942,i-TQCUzfkvYhBFrXeQwXoENH,,0,1,-1,1
,,fk,1943,i-TQCUzfkvYhBFrXeQwXoENH,,0,1,-1,1
,,fk,1944,i-TQCUzfkvYhBFrXeQwXoENH,,0,1,-1,1
,,fk,1945,i-TQCUzfkvYhBFrXeQwXoENH,,0,2,-2,2
,,fk,1946,i-TQCUzfkvYhBFrXeQwXoENH,,0,3,-3,3
,,fk,1947,i-TQCUzfkvYhBFrXeQwXoENH,,0,3,-3,3
,,fk,1948,i-TQCUzfkvYhBFrXeQwXoENH,,0,3,-3,3
,,fk,1949,i-TQCUzfkvYhBFrXeQwXoENH,,0,3,-3,3
,,fk,1963,i-TQCUzfkvYhBFrXeQwXoENH,,0,2,-2,2
,,fk,1964,i-TQCUzfkvYhBFrXeQwXoENH,,0,2,-2,2
,,fk,1965,i-TQCUzfkvYhBFrXeQwXoENH,,0,2,-2,2
,,fk,1966,i-TQCUzfkvYhBFrXeQwXoENH,,0,2,-2,2
