year,chamber,party_id,party_name,nr_seats
1912,ak,i-851f4cdfa36f4dbab4b24855a1eb43ce,utan_partibeteckning,3
1912,ak,i-JmAkiEUKt5ZBgaCKGCMNu2,liberala_samlingspartiet,100
1912,ak,i-NhgK2ujGF5t35o2VjT8Q5U,lantmanna-_och_borgarepartiet_inom_andrakammaren,63
1912,ak,i-PgZ4noUUgrkZvcF5NuPikj,lantmannapartiet,1
1912,ak,i-VS8ddgxigwL5TceKtXGApS,socialdemokraterna,63
1912,fk,i-3kDgsboJBSv4zGqF4zfCsY,första_kammarens_nationella_parti,83
1912,fk,i-851f4cdfa36f4dbab4b24855a1eb43ce,utan_partibeteckning,2
1912,fk,i-JmAkiEUKt5ZBgaCKGCMNu2,liberala_samlingspartiet,51
1912,fk,i-VS8ddgxigwL5TceKtXGApS,socialdemokraterna,12
1913,ak,i-851f4cdfa36f4dbab4b24855a1eb43ce,utan_partibeteckning,2
1913,ak,i-JmAkiEUKt5ZBgaCKGCMNu2,liberala_samlingspartiet,100
1913,ak,i-NhgK2ujGF5t35o2VjT8Q5U,lantmanna-_och_borgarepartiet_inom_andrakammaren,64
1913,ak,i-PgZ4noUUgrkZvcF5NuPikj,lantmannapartiet,1
1913,ak,i-VS8ddgxigwL5TceKtXGApS,socialdemokraterna,63
1913,fk,i-3kDgsboJBSv4zGqF4zfCsY,första_kammarens_nationella_parti,87
1913,fk,i-851f4cdfa36f4dbab4b24855a1eb43ce,utan_partibeteckning,1
1913,fk,i-JmAkiEUKt5ZBgaCKGCMNu2,liberala_samlingspartiet,49
1913,fk,i-VS8ddgxigwL5TceKtXGApS,socialdemokraterna,13
1914,ak,i-851f4cdfa36f4dbab4b24855a1eb43ce,utan_partibeteckning,2
1914,ak,i-GM695yHGsRXSAorwcFL7x5,frisinnade_försvarsvänner,5
1914,ak,i-JmAkiEUKt5ZBgaCKGCMNu2,liberala_samlingspartiet,100
1914,ak,i-NhgK2ujGF5t35o2VjT8Q5U,lantmanna-_och_borgarepartiet_inom_andrakammaren,82
1914,ak,i-PgZ4noUUgrkZvcF5NuPikj,lantmannapartiet,1
1914,ak,i-VS8ddgxigwL5TceKtXGApS,socialdemokraterna,73
1914,fk,i-3kDgsboJBSv4zGqF4zfCsY,första_kammarens_nationella_parti,87
1914,fk,i-851f4cdfa36f4dbab4b24855a1eb43ce,utan_partibeteckning,3
1914,fk,i-JmAkiEUKt5ZBgaCKGCMNu2,liberala_samlingspartiet,48
1914,fk,i-VS8ddgxigwL5TceKtXGApS,socialdemokraterna,13
1915,ak,i-851f4cdfa36f4dbab4b24855a1eb43ce,utan_partibeteckning,6
1915,ak,i-JmAkiEUKt5ZBgaCKGCMNu2,liberala_samlingspartiet,55
1915,ak,i-NhgK2ujGF5t35o2VjT8Q5U,lantmanna-_och_borgarepartiet_inom_andrakammaren,82
1915,ak,i-PgZ4noUUgrkZvcF5NuPikj,lantmannapartiet,1
1915,ak,i-VS8ddgxigwL5TceKtXGApS,socialdemokraterna,87
1915,fk,i-3kDgsboJBSv4zGqF4zfCsY,första_kammarens_nationella_parti,87
1915,fk,i-851f4cdfa36f4dbab4b24855a1eb43ce,utan_partibeteckning,1
1915,fk,i-JmAkiEUKt5ZBgaCKGCMNu2,liberala_samlingspartiet,46
1915,fk,i-VS8ddgxigwL5TceKtXGApS,socialdemokraterna,14
1916,ak,i-851f4cdfa36f4dbab4b24855a1eb43ce,utan_partibeteckning,5
1916,ak,i-JmAkiEUKt5ZBgaCKGCMNu2,liberala_samlingspartiet,55
1916,ak,i-NhgK2ujGF5t35o2VjT8Q5U,lantmanna-_och_borgarepartiet_inom_andrakammaren,82
1916,ak,i-PgZ4noUUgrkZvcF5NuPikj,lantmannapartiet,1
1916,ak,i-VS8ddgxigwL5TceKtXGApS,socialdemokraterna,87
1916,fk,i-3kDgsboJBSv4zGqF4zfCsY,första_kammarens_nationella_parti,85
1916,fk,i-851f4cdfa36f4dbab4b24855a1eb43ce,utan_partibeteckning,5
1916,fk,i-JmAkiEUKt5ZBgaCKGCMNu2,liberala_samlingspartiet,45
1916,fk,i-VS8ddgxigwL5TceKtXGApS,socialdemokraterna,13
1917,ak,i-851f4cdfa36f4dbab4b24855a1eb43ce,utan_partibeteckning,6
1917,ak,i-JmAkiEUKt5ZBgaCKGCMNu2,liberala_samlingspartiet,54
1917,ak,i-NhgK2ujGF5t35o2VjT8Q5U,lantmanna-_och_borgarepartiet_inom_andrakammaren,82
1917,ak,i-PgZ4noUUgrkZvcF5NuPikj,lantmannapartiet,1
1917,ak,i-SwzbNNYoyZYULLDiTu2zGP,socialdemokratiska_vänstergruppen,14
1917,ak,i-VS8ddgxigwL5TceKtXGApS,socialdemokraterna,70
1917,fk,i-3kDgsboJBSv4zGqF4zfCsY,första_kammarens_nationella_parti,85
1917,fk,i-851f4cdfa36f4dbab4b24855a1eb43ce,utan_partibeteckning,3
1917,fk,i-JmAkiEUKt5ZBgaCKGCMNu2,liberala_samlingspartiet,43
1917,fk,i-SwzbNNYoyZYULLDiTu2zGP,socialdemokratiska_vänstergruppen,1
1917,fk,i-VS8ddgxigwL5TceKtXGApS,socialdemokraterna,15
1918,ak,i-851f4cdfa36f4dbab4b24855a1eb43ce,utan_partibeteckning,2
1918,ak,i-CNbGLyuzdkRJ2sJBBpzJit,bondeförbundet,9
1918,ak,i-JmAkiEUKt5ZBgaCKGCMNu2,liberala_samlingspartiet,61
1918,ak,i-NhgK2ujGF5t35o2VjT8Q5U,lantmanna-_och_borgarepartiet_inom_andrakammaren,55
1918,ak,i-PgZ4noUUgrkZvcF5NuPikj,lantmannapartiet,2
1918,ak,i-PvAXgvY3G8qXv1ZM9xudRA,jordbrukarnas_fria_grupp,5
1918,ak,i-SwzbNNYoyZYULLDiTu2zGP,socialdemokratiska_vänstergruppen,10
1918,ak,i-VS8ddgxigwL5TceKtXGApS,socialdemokraterna,85
1918,fk,i-3kDgsboJBSv4zGqF4zfCsY,första_kammarens_nationella_parti,85
1918,fk,i-851f4cdfa36f4dbab4b24855a1eb43ce,utan_partibeteckning,2
1918,fk,i-JmAkiEUKt5ZBgaCKGCMNu2,liberala_samlingspartiet,44
1918,fk,i-SwzbNNYoyZYULLDiTu2zGP,socialdemokratiska_vänstergruppen,1
1918,fk,i-VS8ddgxigwL5TceKtXGApS,socialdemokraterna,15
1919,ak,i-851f4cdfa36f4dbab4b24855a1eb43ce,utan_partibeteckning,1
1919,ak,i-CNbGLyuzdkRJ2sJBBpzJit,bondeförbundet,9
1919,ak,i-JmAkiEUKt5ZBgaCKGCMNu2,liberala_samlingspartiet,61
1919,ak,i-NhgK2ujGF5t35o2VjT8Q5U,lantmanna-_och_borgarepartiet_inom_andrakammaren,54
1919,ak,i-PgZ4noUUgrkZvcF5NuPikj,lantmannapartiet,2
1919,ak,i-PvAXgvY3G8qXv1ZM9xudRA,jordbrukarnas_fria_grupp,6
1919,ak,i-SwzbNNYoyZYULLDiTu2zGP,socialdemokratiska_vänstergruppen,10
1919,ak,i-VS8ddgxigwL5TceKtXGApS,socialdemokraterna,89
1919,fk,i-3kDgsboJBSv4zGqF4zfCsY,första_kammarens_nationella_parti,87
1919,fk,i-851f4cdfa36f4dbab4b24855a1eb43ce,utan_partibeteckning,4
1919,fk,i-CNbGLyuzdkRJ2sJBBpzJit,bondeförbundet,7
1919,fk,i-JmAkiEUKt5ZBgaCKGCMNu2,liberala_samlingspartiet,46
1919,fk,i-PvAXgvY3G8qXv1ZM9xudRA,jordbrukarnas_fria_grupp,7
1919,fk,i-SwzbNNYoyZYULLDiTu2zGP,socialdemokratiska_vänstergruppen,2
1919,fk,i-VS8ddgxigwL5TceKtXGApS,socialdemokraterna,40
1920,ak,i-851f4cdfa36f4dbab4b24855a1eb43ce,utan_partibeteckning,2
1920,ak,i-CNbGLyuzdkRJ2sJBBpzJit,bondeförbundet,9
1920,ak,i-JmAkiEUKt5ZBgaCKGCMNu2,liberala_samlingspartiet,61
1920,ak,i-NhgK2ujGF5t35o2VjT8Q5U,lantmanna-_och_borgarepartiet_inom_andrakammaren,54
1920,ak,i-PgZ4noUUgrkZvcF5NuPikj,lantmannapartiet,2
1920,ak,i-PvAXgvY3G8qXv1ZM9xudRA,jordbrukarnas_fria_grupp,6
1920,ak,i-SwzbNNYoyZYULLDiTu2zGP,socialdemokratiska_vänstergruppen,10
1920,ak,i-VS8ddgxigwL5TceKtXGApS,socialdemokraterna,85
1920,fk,i-3kDgsboJBSv4zGqF4zfCsY,första_kammarens_nationella_parti,36
1920,fk,i-851f4cdfa36f4dbab4b24855a1eb43ce,utan_partibeteckning,4
1920,fk,i-CNbGLyuzdkRJ2sJBBpzJit,bondeförbundet,9
1920,fk,i-JmAkiEUKt5ZBgaCKGCMNu2,liberala_samlingspartiet,39
1920,fk,i-PvAXgvY3G8qXv1ZM9xudRA,jordbrukarnas_fria_grupp,7
1920,fk,i-SwzbNNYoyZYULLDiTu2zGP,socialdemokratiska_vänstergruppen,3
1920,fk,i-VS8ddgxigwL5TceKtXGApS,socialdemokraterna,46
1921,ak,i-851f4cdfa36f4dbab4b24855a1eb43ce,utan_partibeteckning,2
1921,ak,i-CNbGLyuzdkRJ2sJBBpzJit,bondeförbundet,18
1921,ak,i-JmAkiEUKt5ZBgaCKGCMNu2,liberala_samlingspartiet,44
1921,ak,i-NhgK2ujGF5t35o2VjT8Q5U,lantmanna-_och_borgarepartiet_inom_andrakammaren,65
1921,ak,i-PvAXgvY3G8qXv1ZM9xudRA,jordbrukarnas_fria_grupp,9
1921,ak,i-SwzbNNYoyZYULLDiTu2zGP,socialdemokratiska_vänstergruppen,5
1921,ak,i-TQCUzfkvYhBFrXeQwXoENH,sveriges_kommunistiska_parti,2
1921,ak,i-UiFZiVNo3YgVfyN93Qigiv,centerpartiet,1
1921,ak,i-VS8ddgxigwL5TceKtXGApS,socialdemokraterna,67
1921,fk,i-3kDgsboJBSv4zGqF4zfCsY,första_kammarens_nationella_parti,35
1921,fk,i-851f4cdfa36f4dbab4b24855a1eb43ce,utan_partibeteckning,2
1921,fk,i-CNbGLyuzdkRJ2sJBBpzJit,bondeförbundet,9
1921,fk,i-JmAkiEUKt5ZBgaCKGCMNu2,liberala_samlingspartiet,40
1921,fk,i-PvAXgvY3G8qXv1ZM9xudRA,jordbrukarnas_fria_grupp,8
1921,fk,i-SwzbNNYoyZYULLDiTu2zGP,socialdemokratiska_vänstergruppen,2
1921,fk,i-TQCUzfkvYhBFrXeQwXoENH,sveriges_kommunistiska_parti,1
1921,fk,i-VS8ddgxigwL5TceKtXGApS,socialdemokraterna,48
1922,ak,i-851f4cdfa36f4dbab4b24855a1eb43ce,utan_partibeteckning,1
1922,ak,i-CNbGLyuzdkRJ2sJBBpzJit,bondeförbundet,21
1922,ak,i-JmAkiEUKt5ZBgaCKGCMNu2,liberala_samlingspartiet,41
1922,ak,i-NhgK2ujGF5t35o2VjT8Q5U,lantmanna-_och_borgarepartiet_inom_andrakammaren,60
1922,ak,i-SwzbNNYoyZYULLDiTu2zGP,socialdemokratiska_vänstergruppen,6
1922,ak,i-TQCUzfkvYhBFrXeQwXoENH,sveriges_kommunistiska_parti,5
1922,ak,i-VS8ddgxigwL5TceKtXGApS,socialdemokraterna,93
1922,fk,i-3kDgsboJBSv4zGqF4zfCsY,första_kammarens_nationella_parti,39
1922,fk,i-851f4cdfa36f4dbab4b24855a1eb43ce,utan_partibeteckning,2
1922,fk,i-CNbGLyuzdkRJ2sJBBpzJit,bondeförbundet,18
1922,fk,i-JmAkiEUKt5ZBgaCKGCMNu2,liberala_samlingspartiet,39
1922,fk,i-SwzbNNYoyZYULLDiTu2zGP,socialdemokratiska_vänstergruppen,1
1922,fk,i-TQCUzfkvYhBFrXeQwXoENH,sveriges_kommunistiska_parti,1
1922,fk,i-VS8ddgxigwL5TceKtXGApS,socialdemokraterna,50
1923,ak,i-CNbGLyuzdkRJ2sJBBpzJit,bondeförbundet,21
1923,ak,i-JmAkiEUKt5ZBgaCKGCMNu2,liberala_samlingspartiet,41
1923,ak,i-NhgK2ujGF5t35o2VjT8Q5U,lantmanna-_och_borgarepartiet_inom_andrakammaren,61
1923,ak,i-SwzbNNYoyZYULLDiTu2zGP,socialdemokratiska_vänstergruppen,6
1923,ak,i-TQCUzfkvYhBFrXeQwXoENH,sveriges_kommunistiska_parti,5
1923,ak,i-VS8ddgxigwL5TceKtXGApS,socialdemokraterna,93
1923,fk,i-3kDgsboJBSv4zGqF4zfCsY,första_kammarens_nationella_parti,38
1923,fk,i-851f4cdfa36f4dbab4b24855a1eb43ce,utan_partibeteckning,3
1923,fk,i-CNbGLyuzdkRJ2sJBBpzJit,bondeförbundet,17
1923,fk,i-JmAkiEUKt5ZBgaCKGCMNu2,liberala_samlingspartiet,38
1923,fk,i-SwzbNNYoyZYULLDiTu2zGP,socialdemokratiska_vänstergruppen,2
1923,fk,i-TQCUzfkvYhBFrXeQwXoENH,sveriges_kommunistiska_parti,1
1923,fk,i-VS8ddgxigwL5TceKtXGApS,socialdemokraterna,50
1924,ak,i-851f4cdfa36f4dbab4b24855a1eb43ce,utan_partibeteckning,5
1924,ak,i-9fghptqkyNzTVdA8knRCGq,liberala_riksdagspartiet,6
1924,ak,i-CNbGLyuzdkRJ2sJBBpzJit,bondeförbundet,21
1924,ak,i-NhgK2ujGF5t35o2VjT8Q5U,lantmanna-_och_borgarepartiet_inom_andrakammaren,62
1924,ak,i-TQCUzfkvYhBFrXeQwXoENH,sveriges_kommunistiska_parti,5
1924,ak,i-V7MTfG5XaAmjbSDtLkyyfc,frisinnade_folkpartiet,30
1924,ak,i-VS8ddgxigwL5TceKtXGApS,socialdemokraterna,99
1924,fk,i-3kDgsboJBSv4zGqF4zfCsY,första_kammarens_nationella_parti,41
1924,fk,i-851f4cdfa36f4dbab4b24855a1eb43ce,utan_partibeteckning,4
1924,fk,i-9fghptqkyNzTVdA8knRCGq,liberala_riksdagspartiet,12
1924,fk,i-CNbGLyuzdkRJ2sJBBpzJit,bondeförbundet,17
1924,fk,i-JmAkiEUKt5ZBgaCKGCMNu2,liberala_samlingspartiet,1
1924,fk,i-TQCUzfkvYhBFrXeQwXoENH,sveriges_kommunistiska_parti,1
1924,fk,i-V7MTfG5XaAmjbSDtLkyyfc,frisinnade_folkpartiet,21
1924,fk,i-VS8ddgxigwL5TceKtXGApS,socialdemokraterna,52
1925,ak,i-851f4cdfa36f4dbab4b24855a1eb43ce,utan_partibeteckning,3
1925,ak,i-9fghptqkyNzTVdA8knRCGq,liberala_riksdagspartiet,4
1925,ak,i-CNbGLyuzdkRJ2sJBBpzJit,bondeförbundet,23
1925,ak,i-NhgK2ujGF5t35o2VjT8Q5U,lantmanna-_och_borgarepartiet_inom_andrakammaren,66
1925,ak,i-TQCUzfkvYhBFrXeQwXoENH,sveriges_kommunistiska_parti,4
1925,ak,i-V7MTfG5XaAmjbSDtLkyyfc,frisinnade_folkpartiet,27
1925,ak,i-VS8ddgxigwL5TceKtXGApS,socialdemokraterna,103
1925,fk,i-3kDgsboJBSv4zGqF4zfCsY,första_kammarens_nationella_parti,41
1925,fk,i-851f4cdfa36f4dbab4b24855a1eb43ce,utan_partibeteckning,4
1925,fk,i-9fghptqkyNzTVdA8knRCGq,liberala_riksdagspartiet,12
1925,fk,i-CNbGLyuzdkRJ2sJBBpzJit,bondeförbundet,17
1925,fk,i-TQCUzfkvYhBFrXeQwXoENH,sveriges_kommunistiska_parti,1
1925,fk,i-UiFZiVNo3YgVfyN93Qigiv,centerpartiet,1
1925,fk,i-V7MTfG5XaAmjbSDtLkyyfc,frisinnade_folkpartiet,21
1925,fk,i-VS8ddgxigwL5TceKtXGApS,socialdemokraterna,52
1926,ak,i-851f4cdfa36f4dbab4b24855a1eb43ce,utan_partibeteckning,1
1926,ak,i-9fghptqkyNzTVdA8knRCGq,liberala_riksdagspartiet,4
1926,ak,i-CNbGLyuzdkRJ2sJBBpzJit,bondeförbundet,23
1926,ak,i-NhgK2ujGF5t35o2VjT8Q5U,lantmanna-_och_borgarepartiet_inom_andrakammaren,65
1926,ak,i-TQCUzfkvYhBFrXeQwXoENH,sveriges_kommunistiska_parti,4
1926,ak,i-V7MTfG5XaAmjbSDtLkyyfc,frisinnade_folkpartiet,28
1926,ak,i-VS8ddgxigwL5TceKtXGApS,socialdemokraterna,105
1926,fk,i-3kDgsboJBSv4zGqF4zfCsY,första_kammarens_nationella_parti,43
1926,fk,i-851f4cdfa36f4dbab4b24855a1eb43ce,utan_partibeteckning,3
1926,fk,i-9fghptqkyNzTVdA8knRCGq,liberala_riksdagspartiet,9
1926,fk,i-CNbGLyuzdkRJ2sJBBpzJit,bondeförbundet,15
1926,fk,i-F6Stwe8wVnSPa3BbgusszQ,moderata_samlingspartiet,1
1926,fk,i-TQCUzfkvYhBFrXeQwXoENH,sveriges_kommunistiska_parti,1
1926,fk,i-UiFZiVNo3YgVfyN93Qigiv,centerpartiet,1
1926,fk,i-V7MTfG5XaAmjbSDtLkyyfc,frisinnade_folkpartiet,24
1926,fk,i-VS8ddgxigwL5TceKtXGApS,socialdemokraterna,51
1927,ak,i-851f4cdfa36f4dbab4b24855a1eb43ce,utan_partibeteckning,1
1927,ak,i-9fghptqkyNzTVdA8knRCGq,liberala_riksdagspartiet,4
1927,ak,i-CNbGLyuzdkRJ2sJBBpzJit,bondeförbundet,23
1927,ak,i-NhgK2ujGF5t35o2VjT8Q5U,lantmanna-_och_borgarepartiet_inom_andrakammaren,65
1927,ak,i-TQCUzfkvYhBFrXeQwXoENH,sveriges_kommunistiska_parti,4
1927,ak,i-V7MTfG5XaAmjbSDtLkyyfc,frisinnade_folkpartiet,28
1927,ak,i-VS8ddgxigwL5TceKtXGApS,socialdemokraterna,105
1927,fk,i-3kDgsboJBSv4zGqF4zfCsY,första_kammarens_nationella_parti,45
1927,fk,i-851f4cdfa36f4dbab4b24855a1eb43ce,utan_partibeteckning,3
1927,fk,i-9fghptqkyNzTVdA8knRCGq,liberala_riksdagspartiet,8
1927,fk,i-CNbGLyuzdkRJ2sJBBpzJit,bondeförbundet,15
1927,fk,i-F6Stwe8wVnSPa3BbgusszQ,moderata_samlingspartiet,1
1927,fk,i-TQCUzfkvYhBFrXeQwXoENH,sveriges_kommunistiska_parti,1
1927,fk,i-UiFZiVNo3YgVfyN93Qigiv,centerpartiet,1
1927,fk,i-V7MTfG5XaAmjbSDtLkyyfc,frisinnade_folkpartiet,23
1927,fk,i-VS8ddgxigwL5TceKtXGApS,socialdemokraterna,52
1928,ak,i-851f4cdfa36f4dbab4b24855a1eb43ce,utan_partibeteckning,1
1928,ak,i-9fghptqkyNzTVdA8knRCGq,liberala_riksdagspartiet,4
1928,ak,i-CNbGLyuzdkRJ2sJBBpzJit,bondeförbundet,23
1928,ak,i-NhgK2ujGF5t35o2VjT8Q5U,lantmanna-_och_borgarepartiet_inom_andrakammaren,64
1928,ak,i-TQCUzfkvYhBFrXeQwXoENH,sveriges_kommunistiska_parti,4
1928,ak,i-V7MTfG5XaAmjbSDtLkyyfc,frisinnade_folkpartiet,28
1928,ak,i-VS8ddgxigwL5TceKtXGApS,socialdemokraterna,105
1928,fk,i-3kDgsboJBSv4zGqF4zfCsY,första_kammarens_nationella_parti,48
1928,fk,i-851f4cdfa36f4dbab4b24855a1eb43ce,utan_partibeteckning,3
1928,fk,i-9fghptqkyNzTVdA8knRCGq,liberala_riksdagspartiet,7
1928,fk,i-CNbGLyuzdkRJ2sJBBpzJit,bondeförbundet,12
1928,fk,i-F6Stwe8wVnSPa3BbgusszQ,moderata_samlingspartiet,1
1928,fk,i-TQCUzfkvYhBFrXeQwXoENH,sveriges_kommunistiska_parti,1
1928,fk,i-UiFZiVNo3YgVfyN93Qigiv,centerpartiet,1
1928,fk,i-V7MTfG5XaAmjbSDtLkyyfc,frisinnade_folkpartiet,23
1928,fk,i-VS8ddgxigwL5TceKtXGApS,socialdemokraterna,52
1929,ak,i-9fghptqkyNzTVdA8knRCGq,liberala_riksdagspartiet,4
1929,ak,i-CNbGLyuzdkRJ2sJBBpzJit,bondeförbundet,27
1929,ak,i-NhgK2ujGF5t35o2VjT8Q5U,lantmanna-_och_borgarepartiet_inom_andrakammaren,73
1929,ak,i-TQCUzfkvYhBFrXeQwXoENH,sveriges_kommunistiska_parti,3
1929,ak,i-V7MTfG5XaAmjbSDtLkyyfc,frisinnade_folkpartiet,28
1929,ak,i-VS8ddgxigwL5TceKtXGApS,socialdemokraterna,92
1929,fk,i-3kDgsboJBSv4zGqF4zfCsY,första_kammarens_nationella_parti,46
1929,fk,i-851f4cdfa36f4dbab4b24855a1eb43ce,utan_partibeteckning,2
1929,fk,i-9fghptqkyNzTVdA8knRCGq,liberala_riksdagspartiet,7
1929,fk,i-CNbGLyuzdkRJ2sJBBpzJit,bondeförbundet,16
1929,fk,i-TQCUzfkvYhBFrXeQwXoENH,sveriges_kommunistiska_parti,1
1929,fk,i-UiFZiVNo3YgVfyN93Qigiv,centerpartiet,1
1929,fk,i-V7MTfG5XaAmjbSDtLkyyfc,frisinnade_folkpartiet,23
1929,fk,i-VS8ddgxigwL5TceKtXGApS,socialdemokraterna,51
1930,ak,i-9fghptqkyNzTVdA8knRCGq,liberala_riksdagspartiet,4
1930,ak,i-CNbGLyuzdkRJ2sJBBpzJit,bondeförbundet,27
1930,ak,i-NhgK2ujGF5t35o2VjT8Q5U,lantmanna-_och_borgarepartiet_inom_andrakammaren,73
1930,ak,i-TQCUzfkvYhBFrXeQwXoENH,sveriges_kommunistiska_parti,1
1930,ak,i-V7MTfG5XaAmjbSDtLkyyfc,frisinnade_folkpartiet,28
1930,ak,i-VS8ddgxigwL5TceKtXGApS,socialdemokraterna,90
1930,ak,i-VzZnBZoi4EChaiCfF6kxbz,kilbomspartiet,5
1930,fk,i-3kDgsboJBSv4zGqF4zfCsY,första_kammarens_nationella_parti,46
1930,fk,i-851f4cdfa36f4dbab4b24855a1eb43ce,utan_partibeteckning,2
1930,fk,i-9fghptqkyNzTVdA8knRCGq,liberala_riksdagspartiet,6
1930,fk,i-CNbGLyuzdkRJ2sJBBpzJit,bondeförbundet,16
1930,fk,i-UiFZiVNo3YgVfyN93Qigiv,centerpartiet,1
1930,fk,i-V7MTfG5XaAmjbSDtLkyyfc,frisinnade_folkpartiet,23
1930,fk,i-VS8ddgxigwL5TceKtXGApS,socialdemokraterna,52
1930,fk,i-VzZnBZoi4EChaiCfF6kxbz,kilbomspartiet,2
1931,ak,i-9fghptqkyNzTVdA8knRCGq,liberala_riksdagspartiet,4
1931,ak,i-CNbGLyuzdkRJ2sJBBpzJit,bondeförbundet,27
1931,ak,i-NhgK2ujGF5t35o2VjT8Q5U,lantmanna-_och_borgarepartiet_inom_andrakammaren,72
1931,ak,i-TQCUzfkvYhBFrXeQwXoENH,sveriges_kommunistiska_parti,1
1931,ak,i-V7MTfG5XaAmjbSDtLkyyfc,frisinnade_folkpartiet,28
1931,ak,i-VS8ddgxigwL5TceKtXGApS,socialdemokraterna,89
1931,ak,i-VzZnBZoi4EChaiCfF6kxbz,kilbomspartiet,5
1931,fk,i-3kDgsboJBSv4zGqF4zfCsY,första_kammarens_nationella_parti,47
1931,fk,i-851f4cdfa36f4dbab4b24855a1eb43ce,utan_partibeteckning,2
1931,fk,i-9fghptqkyNzTVdA8knRCGq,liberala_riksdagspartiet,5
1931,fk,i-CNbGLyuzdkRJ2sJBBpzJit,bondeförbundet,16
1931,fk,i-UiFZiVNo3YgVfyN93Qigiv,centerpartiet,1
1931,fk,i-V7MTfG5XaAmjbSDtLkyyfc,frisinnade_folkpartiet,22
1931,fk,i-VS8ddgxigwL5TceKtXGApS,socialdemokraterna,53
1931,fk,i-VzZnBZoi4EChaiCfF6kxbz,kilbomspartiet,1
1932,ak,i-851f4cdfa36f4dbab4b24855a1eb43ce,utan_partibeteckning,1
1932,ak,i-9fghptqkyNzTVdA8knRCGq,liberala_riksdagspartiet,4
1932,ak,i-CNbGLyuzdkRJ2sJBBpzJit,bondeförbundet,27
1932,ak,i-NhgK2ujGF5t35o2VjT8Q5U,lantmanna-_och_borgarepartiet_inom_andrakammaren,71
1932,ak,i-TQCUzfkvYhBFrXeQwXoENH,sveriges_kommunistiska_parti,1
1932,ak,i-V7MTfG5XaAmjbSDtLkyyfc,frisinnade_folkpartiet,28
1932,ak,i-VS8ddgxigwL5TceKtXGApS,socialdemokraterna,90
1932,ak,i-VzZnBZoi4EChaiCfF6kxbz,kilbomspartiet,5
1932,fk,i-3kDgsboJBSv4zGqF4zfCsY,första_kammarens_nationella_parti,45
1932,fk,i-851f4cdfa36f4dbab4b24855a1eb43ce,utan_partibeteckning,3
1932,fk,i-9fghptqkyNzTVdA8knRCGq,liberala_riksdagspartiet,4
1932,fk,i-CNbGLyuzdkRJ2sJBBpzJit,bondeförbundet,17
1932,fk,i-UiFZiVNo3YgVfyN93Qigiv,centerpartiet,2
1932,fk,i-V7MTfG5XaAmjbSDtLkyyfc,frisinnade_folkpartiet,21
1932,fk,i-VS8ddgxigwL5TceKtXGApS,socialdemokraterna,55
1932,fk,i-VzZnBZoi4EChaiCfF6kxbz,kilbomspartiet,1
1933,ak,i-9fghptqkyNzTVdA8knRCGq,liberala_riksdagspartiet,4
1933,ak,i-CNbGLyuzdkRJ2sJBBpzJit,bondeförbundet,33
1933,ak,i-NhgK2ujGF5t35o2VjT8Q5U,lantmanna-_och_borgarepartiet_inom_andrakammaren,58
1933,ak,i-TQCUzfkvYhBFrXeQwXoENH,sveriges_kommunistiska_parti,1
1933,ak,i-UiFZiVNo3YgVfyN93Qigiv,centerpartiet,3
1933,ak,i-V7MTfG5XaAmjbSDtLkyyfc,frisinnade_folkpartiet,20
1933,ak,i-VS8ddgxigwL5TceKtXGApS,socialdemokraterna,104
1933,ak,i-VzZnBZoi4EChaiCfF6kxbz,kilbomspartiet,3
1933,fk,i-3kDgsboJBSv4zGqF4zfCsY,första_kammarens_nationella_parti,45
1933,fk,i-851f4cdfa36f4dbab4b24855a1eb43ce,utan_partibeteckning,3
1933,fk,i-9fghptqkyNzTVdA8knRCGq,liberala_riksdagspartiet,4
1933,fk,i-CNbGLyuzdkRJ2sJBBpzJit,bondeförbundet,16
1933,fk,i-UiFZiVNo3YgVfyN93Qigiv,centerpartiet,2
1933,fk,i-V7MTfG5XaAmjbSDtLkyyfc,frisinnade_folkpartiet,18
1933,fk,i-VS8ddgxigwL5TceKtXGApS,socialdemokraterna,58
1933,fk,i-VzZnBZoi4EChaiCfF6kxbz,kilbomspartiet,1
1934,ak,i-851f4cdfa36f4dbab4b24855a1eb43ce,utan_partibeteckning,2
1934,ak,i-9fghptqkyNzTVdA8knRCGq,liberala_riksdagspartiet,4
1934,ak,i-CNbGLyuzdkRJ2sJBBpzJit,bondeförbundet,33
1934,ak,i-NhgK2ujGF5t35o2VjT8Q5U,lantmanna-_och_borgarepartiet_inom_andrakammaren,56
1934,ak,i-SeXPXWPfyJxdeuuFtkdhxh,socialistiska_partiet,8
1934,ak,i-UiFZiVNo3YgVfyN93Qigiv,centerpartiet,3
1934,ak,i-V7MTfG5XaAmjbSDtLkyyfc,frisinnade_folkpartiet,20
1934,ak,i-VS8ddgxigwL5TceKtXGApS,socialdemokraterna,102
1934,fk,i-3kDgsboJBSv4zGqF4zfCsY,första_kammarens_nationella_parti,47
1934,fk,i-851f4cdfa36f4dbab4b24855a1eb43ce,utan_partibeteckning,3
1934,fk,i-9fghptqkyNzTVdA8knRCGq,liberala_riksdagspartiet,2
1934,fk,i-CNbGLyuzdkRJ2sJBBpzJit,bondeförbundet,18
1934,fk,i-SeXPXWPfyJxdeuuFtkdhxh,socialistiska_partiet,1
1934,fk,i-UiFZiVNo3YgVfyN93Qigiv,centerpartiet,1
1934,fk,i-V7MTfG5XaAmjbSDtLkyyfc,frisinnade_folkpartiet,17
1934,fk,i-VS8ddgxigwL5TceKtXGApS,socialdemokraterna,61
1935,ak,i-3A4u29WVtvfu8i1KwuPEeE,högerpartiet,2
1935,ak,i-4nyjRorziqEDtDmp1ZXDoP,högerns_riksdagsgrupp,49
1935,ak,i-851f4cdfa36f4dbab4b24855a1eb43ce,utan_partibeteckning,1
1935,ak,i-CNbGLyuzdkRJ2sJBBpzJit,bondeförbundet,34
1935,ak,i-FpGjUCojANuvvwqsNXjcuu,folkpartiet,24
1935,ak,i-NhgK2ujGF5t35o2VjT8Q5U,lantmanna-_och_borgarepartiet_inom_andrakammaren,1
1935,ak,i-SeXPXWPfyJxdeuuFtkdhxh,socialistiska_partiet,8
1935,ak,i-UiFZiVNo3YgVfyN93Qigiv,centerpartiet,3
1935,ak,i-VS8ddgxigwL5TceKtXGApS,socialdemokraterna,102
1935,fk,i-3A4u29WVtvfu8i1KwuPEeE,högerpartiet,4
1935,fk,i-4nyjRorziqEDtDmp1ZXDoP,högerns_riksdagsgrupp,40
1935,fk,i-851f4cdfa36f4dbab4b24855a1eb43ce,utan_partibeteckning,1
1935,fk,i-CNbGLyuzdkRJ2sJBBpzJit,bondeförbundet,19
1935,fk,i-F6Stwe8wVnSPa3BbgusszQ,moderata_samlingspartiet,1
1935,fk,i-FpGjUCojANuvvwqsNXjcuu,folkpartiet,19
1935,fk,i-SeXPXWPfyJxdeuuFtkdhxh,socialistiska_partiet,1
1935,fk,i-UiFZiVNo3YgVfyN93Qigiv,centerpartiet,1
1935,fk,i-VS8ddgxigwL5TceKtXGApS,socialdemokraterna,62
1936,ak,i-3A4u29WVtvfu8i1KwuPEeE,högerpartiet,1
1936,ak,i-4nyjRorziqEDtDmp1ZXDoP,högerns_riksdagsgrupp,49
1936,ak,i-851f4cdfa36f4dbab4b24855a1eb43ce,utan_partibeteckning,2
1936,ak,i-CNbGLyuzdkRJ2sJBBpzJit,bondeförbundet,34
1936,ak,i-FpGjUCojANuvvwqsNXjcuu,folkpartiet,24
1936,ak,i-NhgK2ujGF5t35o2VjT8Q5U,lantmanna-_och_borgarepartiet_inom_andrakammaren,1
1936,ak,i-SeXPXWPfyJxdeuuFtkdhxh,socialistiska_partiet,8
1936,ak,i-UiFZiVNo3YgVfyN93Qigiv,centerpartiet,3
1936,ak,i-VS8ddgxigwL5TceKtXGApS,socialdemokraterna,100
1936,fk,i-3A4u29WVtvfu8i1KwuPEeE,högerpartiet,8
1936,fk,i-4nyjRorziqEDtDmp1ZXDoP,högerns_riksdagsgrupp,36
1936,fk,i-851f4cdfa36f4dbab4b24855a1eb43ce,utan_partibeteckning,1
1936,fk,i-CNbGLyuzdkRJ2sJBBpzJit,bondeförbundet,21
1936,fk,i-FpGjUCojANuvvwqsNXjcuu,folkpartiet,16
1936,fk,i-SeXPXWPfyJxdeuuFtkdhxh,socialistiska_partiet,1
1936,fk,i-UiFZiVNo3YgVfyN93Qigiv,centerpartiet,1
1936,fk,i-VS8ddgxigwL5TceKtXGApS,socialdemokraterna,66
1937,ak,i-3A4u29WVtvfu8i1KwuPEeE,högerpartiet,11
1937,ak,i-4nyjRorziqEDtDmp1ZXDoP,högerns_riksdagsgrupp,31
1937,ak,i-851f4cdfa36f4dbab4b24855a1eb43ce,utan_partibeteckning,1
1937,ak,i-CNbGLyuzdkRJ2sJBBpzJit,bondeförbundet,31
1937,ak,i-F6Stwe8wVnSPa3BbgusszQ,moderata_samlingspartiet,1
1937,ak,i-FpGjUCojANuvvwqsNXjcuu,folkpartiet,25
1937,ak,i-SeXPXWPfyJxdeuuFtkdhxh,socialistiska_partiet,6
1937,ak,i-UiFZiVNo3YgVfyN93Qigiv,centerpartiet,5
1937,ak,i-VS8ddgxigwL5TceKtXGApS,socialdemokraterna,112
1937,fk,i-3A4u29WVtvfu8i1KwuPEeE,högerpartiet,13
1937,fk,i-4nyjRorziqEDtDmp1ZXDoP,högerns_riksdagsgrupp,30
1937,fk,i-851f4cdfa36f4dbab4b24855a1eb43ce,utan_partibeteckning,2
1937,fk,i-CNbGLyuzdkRJ2sJBBpzJit,bondeförbundet,21
1937,fk,i-FpGjUCojANuvvwqsNXjcuu,folkpartiet,17
1937,fk,i-SeXPXWPfyJxdeuuFtkdhxh,socialistiska_partiet,1
1937,fk,i-UiFZiVNo3YgVfyN93Qigiv,centerpartiet,1
1937,fk,i-VS8ddgxigwL5TceKtXGApS,socialdemokraterna,67
1938,ak,i-3A4u29WVtvfu8i1KwuPEeE,högerpartiet,11
1938,ak,i-4nyjRorziqEDtDmp1ZXDoP,högerns_riksdagsgrupp,31
1938,ak,i-CNbGLyuzdkRJ2sJBBpzJit,bondeförbundet,31
1938,ak,i-F6Stwe8wVnSPa3BbgusszQ,moderata_samlingspartiet,2
1938,ak,i-FpGjUCojANuvvwqsNXjcuu,folkpartiet,26
1938,ak,i-SeXPXWPfyJxdeuuFtkdhxh,socialistiska_partiet,3
1938,ak,i-UiFZiVNo3YgVfyN93Qigiv,centerpartiet,5
1938,ak,i-VS8ddgxigwL5TceKtXGApS,socialdemokraterna,115
1938,fk,i-3A4u29WVtvfu8i1KwuPEeE,högerpartiet,17
1938,fk,i-4nyjRorziqEDtDmp1ZXDoP,högerns_riksdagsgrupp,24
1938,fk,i-851f4cdfa36f4dbab4b24855a1eb43ce,utan_partibeteckning,2
1938,fk,i-CNbGLyuzdkRJ2sJBBpzJit,bondeförbundet,22
1938,fk,i-FpGjUCojANuvvwqsNXjcuu,folkpartiet,17
1938,fk,i-UiFZiVNo3YgVfyN93Qigiv,centerpartiet,2
1938,fk,i-VS8ddgxigwL5TceKtXGApS,socialdemokraterna,68
1939,ak,i-3A4u29WVtvfu8i1KwuPEeE,högerpartiet,11
1939,ak,i-4nyjRorziqEDtDmp1ZXDoP,högerns_riksdagsgrupp,31
1939,ak,i-CNbGLyuzdkRJ2sJBBpzJit,bondeförbundet,30
1939,ak,i-F6Stwe8wVnSPa3BbgusszQ,moderata_samlingspartiet,2
1939,ak,i-FpGjUCojANuvvwqsNXjcuu,folkpartiet,26
1939,ak,i-SeXPXWPfyJxdeuuFtkdhxh,socialistiska_partiet,3
1939,ak,i-UiFZiVNo3YgVfyN93Qigiv,centerpartiet,6
1939,ak,i-VS8ddgxigwL5TceKtXGApS,socialdemokraterna,116
1939,fk,i-3A4u29WVtvfu8i1KwuPEeE,högerpartiet,20
1939,fk,i-4nyjRorziqEDtDmp1ZXDoP,högerns_riksdagsgrupp,21
1939,fk,i-851f4cdfa36f4dbab4b24855a1eb43ce,utan_partibeteckning,1
1939,fk,i-CNbGLyuzdkRJ2sJBBpzJit,bondeförbundet,22
1939,fk,i-FpGjUCojANuvvwqsNXjcuu,folkpartiet,15
1939,fk,i-UiFZiVNo3YgVfyN93Qigiv,centerpartiet,2
1939,fk,i-VS8ddgxigwL5TceKtXGApS,socialdemokraterna,72
1940,ak,i-3A4u29WVtvfu8i1KwuPEeE,högerpartiet,12
1940,ak,i-4nyjRorziqEDtDmp1ZXDoP,högerns_riksdagsgrupp,30
1940,ak,i-CNbGLyuzdkRJ2sJBBpzJit,bondeförbundet,29
1940,ak,i-F6Stwe8wVnSPa3BbgusszQ,moderata_samlingspartiet,2
1940,ak,i-FpGjUCojANuvvwqsNXjcuu,folkpartiet,26
1940,ak,i-SeXPXWPfyJxdeuuFtkdhxh,socialistiska_partiet,3
1940,ak,i-UiFZiVNo3YgVfyN93Qigiv,centerpartiet,7
1940,ak,i-VS8ddgxigwL5TceKtXGApS,socialdemokraterna,116
1940,fk,i-3A4u29WVtvfu8i1KwuPEeE,högerpartiet,18
1940,fk,i-4nyjRorziqEDtDmp1ZXDoP,högerns_riksdagsgrupp,19
1940,fk,i-851f4cdfa36f4dbab4b24855a1eb43ce,utan_partibeteckning,1
1940,fk,i-CNbGLyuzdkRJ2sJBBpzJit,bondeförbundet,21
1940,fk,i-FpGjUCojANuvvwqsNXjcuu,folkpartiet,15
1940,fk,i-UiFZiVNo3YgVfyN93Qigiv,centerpartiet,3
1940,fk,i-VS8ddgxigwL5TceKtXGApS,socialdemokraterna,73
1941,ak,i-3A4u29WVtvfu8i1KwuPEeE,högerpartiet,16
1941,ak,i-4nyjRorziqEDtDmp1ZXDoP,högerns_riksdagsgrupp,23
1941,ak,i-CNbGLyuzdkRJ2sJBBpzJit,bondeförbundet,23
1941,ak,i-F6Stwe8wVnSPa3BbgusszQ,moderata_samlingspartiet,3
1941,ak,i-FpGjUCojANuvvwqsNXjcuu,folkpartiet,22
1941,ak,i-UiFZiVNo3YgVfyN93Qigiv,centerpartiet,4
1941,ak,i-VS8ddgxigwL5TceKtXGApS,socialdemokraterna,135
1941,fk,i-3A4u29WVtvfu8i1KwuPEeE,högerpartiet,18
1941,fk,i-4nyjRorziqEDtDmp1ZXDoP,högerns_riksdagsgrupp,16
1941,fk,i-851f4cdfa36f4dbab4b24855a1eb43ce,utan_partibeteckning,1
1941,fk,i-CNbGLyuzdkRJ2sJBBpzJit,bondeförbundet,21
1941,fk,i-FpGjUCojANuvvwqsNXjcuu,folkpartiet,14
1941,fk,i-UiFZiVNo3YgVfyN93Qigiv,centerpartiet,3
1941,fk,i-VS8ddgxigwL5TceKtXGApS,socialdemokraterna,75
1942,ak,i-3A4u29WVtvfu8i1KwuPEeE,högerpartiet,16
1942,ak,i-4nyjRorziqEDtDmp1ZXDoP,högerns_riksdagsgrupp,22
1942,ak,i-CNbGLyuzdkRJ2sJBBpzJit,bondeförbundet,23
1942,ak,i-F6Stwe8wVnSPa3BbgusszQ,moderata_samlingspartiet,4
1942,ak,i-FpGjUCojANuvvwqsNXjcuu,folkpartiet,22
1942,ak,i-UiFZiVNo3YgVfyN93Qigiv,centerpartiet,5
1942,ak,i-VS8ddgxigwL5TceKtXGApS,socialdemokraterna,134
1942,fk,i-3A4u29WVtvfu8i1KwuPEeE,högerpartiet,18
1942,fk,i-4nyjRorziqEDtDmp1ZXDoP,högerns_riksdagsgrupp,16
1942,fk,i-851f4cdfa36f4dbab4b24855a1eb43ce,utan_partibeteckning,1
1942,fk,i-CNbGLyuzdkRJ2sJBBpzJit,bondeförbundet,19
1942,fk,i-FpGjUCojANuvvwqsNXjcuu,folkpartiet,15
1942,fk,i-UiFZiVNo3YgVfyN93Qigiv,centerpartiet,3
1942,fk,i-VS8ddgxigwL5TceKtXGApS,socialdemokraterna,77
1943,ak,i-3A4u29WVtvfu8i1KwuPEeE,högerpartiet,17
1943,ak,i-4nyjRorziqEDtDmp1ZXDoP,högerns_riksdagsgrupp,21
1943,ak,i-CNbGLyuzdkRJ2sJBBpzJit,bondeförbundet,23
1943,ak,i-F6Stwe8wVnSPa3BbgusszQ,moderata_samlingspartiet,4
1943,ak,i-FpGjUCojANuvvwqsNXjcuu,folkpartiet,22
1943,ak,i-UiFZiVNo3YgVfyN93Qigiv,centerpartiet,6
1943,ak,i-VS8ddgxigwL5TceKtXGApS,socialdemokraterna,135
1943,fk,i-3A4u29WVtvfu8i1KwuPEeE,högerpartiet,18
1943,fk,i-4nyjRorziqEDtDmp1ZXDoP,högerns_riksdagsgrupp,14
1943,fk,i-851f4cdfa36f4dbab4b24855a1eb43ce,utan_partibeteckning,1
1943,fk,i-CNbGLyuzdkRJ2sJBBpzJit,bondeförbundet,17
1943,fk,i-F6Stwe8wVnSPa3BbgusszQ,moderata_samlingspartiet,1
1943,fk,i-FpGjUCojANuvvwqsNXjcuu,folkpartiet,15
1943,fk,i-UiFZiVNo3YgVfyN93Qigiv,centerpartiet,4
1943,fk,i-VS8ddgxigwL5TceKtXGApS,socialdemokraterna,81
1944,ak,i-3A4u29WVtvfu8i1KwuPEeE,högerpartiet,17
1944,ak,i-4nyjRorziqEDtDmp1ZXDoP,högerns_riksdagsgrupp,20
1944,ak,i-CNbGLyuzdkRJ2sJBBpzJit,bondeförbundet,22
1944,ak,i-F6Stwe8wVnSPa3BbgusszQ,moderata_samlingspartiet,5
1944,ak,i-FpGjUCojANuvvwqsNXjcuu,folkpartiet,21
1944,ak,i-UiFZiVNo3YgVfyN93Qigiv,centerpartiet,7
1944,ak,i-VS8ddgxigwL5TceKtXGApS,socialdemokraterna,135
1944,fk,i-3A4u29WVtvfu8i1KwuPEeE,högerpartiet,17
1944,fk,i-4nyjRorziqEDtDmp1ZXDoP,högerns_riksdagsgrupp,13
1944,fk,i-851f4cdfa36f4dbab4b24855a1eb43ce,utan_partibeteckning,1
1944,fk,i-CNbGLyuzdkRJ2sJBBpzJit,bondeförbundet,14
1944,fk,i-F6Stwe8wVnSPa3BbgusszQ,moderata_samlingspartiet,1
1944,fk,i-FpGjUCojANuvvwqsNXjcuu,folkpartiet,15
1944,fk,i-UiFZiVNo3YgVfyN93Qigiv,centerpartiet,5
1944,fk,i-VS8ddgxigwL5TceKtXGApS,socialdemokraterna,83
1945,ak,i-3A4u29WVtvfu8i1KwuPEeE,högerpartiet,20
1945,ak,i-4nyjRorziqEDtDmp1ZXDoP,högerns_riksdagsgrupp,14
1945,ak,i-CNbGLyuzdkRJ2sJBBpzJit,bondeförbundet,26
1945,ak,i-F6Stwe8wVnSPa3BbgusszQ,moderata_samlingspartiet,4
1945,ak,i-FpGjUCojANuvvwqsNXjcuu,folkpartiet,24
1945,ak,i-UiFZiVNo3YgVfyN93Qigiv,centerpartiet,10
1945,ak,i-VS8ddgxigwL5TceKtXGApS,socialdemokraterna,115
1945,fk,i-3A4u29WVtvfu8i1KwuPEeE,högerpartiet,16
1945,fk,i-4nyjRorziqEDtDmp1ZXDoP,högerns_riksdagsgrupp,13
1945,fk,i-851f4cdfa36f4dbab4b24855a1eb43ce,utan_partibeteckning,1
1945,fk,i-CNbGLyuzdkRJ2sJBBpzJit,bondeförbundet,14
1945,fk,i-F6Stwe8wVnSPa3BbgusszQ,moderata_samlingspartiet,2
1945,fk,i-FpGjUCojANuvvwqsNXjcuu,folkpartiet,14
1945,fk,i-UiFZiVNo3YgVfyN93Qigiv,centerpartiet,6
1945,fk,i-VS8ddgxigwL5TceKtXGApS,socialdemokraterna,84
1946,ak,i-3A4u29WVtvfu8i1KwuPEeE,högerpartiet,20
1946,ak,i-4nyjRorziqEDtDmp1ZXDoP,högerns_riksdagsgrupp,14
1946,ak,i-CNbGLyuzdkRJ2sJBBpzJit,bondeförbundet,26
1946,ak,i-F6Stwe8wVnSPa3BbgusszQ,moderata_samlingspartiet,4
1946,ak,i-FpGjUCojANuvvwqsNXjcuu,folkpartiet,24
1946,ak,i-UiFZiVNo3YgVfyN93Qigiv,centerpartiet,10
1946,ak,i-VS8ddgxigwL5TceKtXGApS,socialdemokraterna,115
1946,fk,i-3A4u29WVtvfu8i1KwuPEeE,högerpartiet,16
1946,fk,i-4nyjRorziqEDtDmp1ZXDoP,högerns_riksdagsgrupp,11
1946,fk,i-851f4cdfa36f4dbab4b24855a1eb43ce,utan_partibeteckning,1
1946,fk,i-CNbGLyuzdkRJ2sJBBpzJit,bondeförbundet,14
1946,fk,i-F6Stwe8wVnSPa3BbgusszQ,moderata_samlingspartiet,2
1946,fk,i-FpGjUCojANuvvwqsNXjcuu,folkpartiet,13
1946,fk,i-UiFZiVNo3YgVfyN93Qigiv,centerpartiet,6
1946,fk,i-VS8ddgxigwL5TceKtXGApS,socialdemokraterna,85
1947,ak,i-3A4u29WVtvfu8i1KwuPEeE,högerpartiet,20
1947,ak,i-4nyjRorziqEDtDmp1ZXDoP,högerns_riksdagsgrupp,14
1947,ak,i-CNbGLyuzdkRJ2sJBBpzJit,bondeförbundet,26
1947,ak,i-F6Stwe8wVnSPa3BbgusszQ,moderata_samlingspartiet,4
1947,ak,i-FpGjUCojANuvvwqsNXjcuu,folkpartiet,25
1947,ak,i-UiFZiVNo3YgVfyN93Qigiv,centerpartiet,10
1947,ak,i-VS8ddgxigwL5TceKtXGApS,socialdemokraterna,115
1947,fk,i-3A4u29WVtvfu8i1KwuPEeE,högerpartiet,17
1947,fk,i-4nyjRorziqEDtDmp1ZXDoP,högerns_riksdagsgrupp,7
1947,fk,i-851f4cdfa36f4dbab4b24855a1eb43ce,utan_partibeteckning,1
1947,fk,i-CNbGLyuzdkRJ2sJBBpzJit,bondeförbundet,14
1947,fk,i-F6Stwe8wVnSPa3BbgusszQ,moderata_samlingspartiet,2
1947,fk,i-FpGjUCojANuvvwqsNXjcuu,folkpartiet,14
1947,fk,i-UiFZiVNo3YgVfyN93Qigiv,centerpartiet,6
1947,fk,i-VS8ddgxigwL5TceKtXGApS,socialdemokraterna,87
1948,ak,i-3A4u29WVtvfu8i1KwuPEeE,högerpartiet,22
1948,ak,i-4nyjRorziqEDtDmp1ZXDoP,högerns_riksdagsgrupp,12
1948,ak,i-CNbGLyuzdkRJ2sJBBpzJit,bondeförbundet,25
1948,ak,i-F6Stwe8wVnSPa3BbgusszQ,moderata_samlingspartiet,4
1948,ak,i-FpGjUCojANuvvwqsNXjcuu,folkpartiet,25
1948,ak,i-UiFZiVNo3YgVfyN93Qigiv,centerpartiet,10
1948,ak,i-VS8ddgxigwL5TceKtXGApS,socialdemokraterna,115
1948,fk,i-3A4u29WVtvfu8i1KwuPEeE,högerpartiet,16
1948,fk,i-4nyjRorziqEDtDmp1ZXDoP,högerns_riksdagsgrupp,8
1948,fk,i-851f4cdfa36f4dbab4b24855a1eb43ce,utan_partibeteckning,1
1948,fk,i-CNbGLyuzdkRJ2sJBBpzJit,bondeförbundet,14
1948,fk,i-F6Stwe8wVnSPa3BbgusszQ,moderata_samlingspartiet,2
1948,fk,i-FpGjUCojANuvvwqsNXjcuu,folkpartiet,16
1948,fk,i-UiFZiVNo3YgVfyN93Qigiv,centerpartiet,7
1948,fk,i-VS8ddgxigwL5TceKtXGApS,socialdemokraterna,86
1949,ak,i-3A4u29WVtvfu8i1KwuPEeE,högerpartiet,17
1949,ak,i-4nyjRorziqEDtDmp1ZXDoP,högerns_riksdagsgrupp,5
1949,ak,i-CNbGLyuzdkRJ2sJBBpzJit,bondeförbundet,20
1949,ak,i-F6Stwe8wVnSPa3BbgusszQ,moderata_samlingspartiet,2
1949,ak,i-FpGjUCojANuvvwqsNXjcuu,folkpartiet,54
1949,ak,i-UiFZiVNo3YgVfyN93Qigiv,centerpartiet,10
1949,ak,i-VS8ddgxigwL5TceKtXGApS,socialdemokraterna,113
1949,fk,i-3A4u29WVtvfu8i1KwuPEeE,högerpartiet,19
1949,fk,i-4nyjRorziqEDtDmp1ZXDoP,högerns_riksdagsgrupp,5
1949,fk,i-851f4cdfa36f4dbab4b24855a1eb43ce,utan_partibeteckning,1
1949,fk,i-CNbGLyuzdkRJ2sJBBpzJit,bondeförbundet,14
1949,fk,i-F6Stwe8wVnSPa3BbgusszQ,moderata_samlingspartiet,2
1949,fk,i-FpGjUCojANuvvwqsNXjcuu,folkpartiet,18
1949,fk,i-UiFZiVNo3YgVfyN93Qigiv,centerpartiet,7
1949,fk,i-VS8ddgxigwL5TceKtXGApS,socialdemokraterna,84
1950,ak,i-3A4u29WVtvfu8i1KwuPEeE,högerpartiet,16
1950,ak,i-4nyjRorziqEDtDmp1ZXDoP,högerns_riksdagsgrupp,5
1950,ak,i-CNbGLyuzdkRJ2sJBBpzJit,bondeförbundet,19
1950,ak,i-F6Stwe8wVnSPa3BbgusszQ,moderata_samlingspartiet,2
1950,ak,i-FpGjUCojANuvvwqsNXjcuu,folkpartiet,54
1950,ak,i-UiFZiVNo3YgVfyN93Qigiv,centerpartiet,11
1950,ak,i-VS8ddgxigwL5TceKtXGApS,socialdemokraterna,113
1950,fk,i-3A4u29WVtvfu8i1KwuPEeE,högerpartiet,16
1950,fk,i-4nyjRorziqEDtDmp1ZXDoP,högerns_riksdagsgrupp,4
1950,fk,i-851f4cdfa36f4dbab4b24855a1eb43ce,utan_partibeteckning,1
1950,fk,i-CNbGLyuzdkRJ2sJBBpzJit,bondeförbundet,15
1950,fk,i-F6Stwe8wVnSPa3BbgusszQ,moderata_samlingspartiet,3
1950,fk,i-FpGjUCojANuvvwqsNXjcuu,folkpartiet,20
1950,fk,i-TQCUzfkvYhBFrXeQwXoENH,sveriges_kommunistiska_parti,1
1950,fk,i-UiFZiVNo3YgVfyN93Qigiv,centerpartiet,8
1950,fk,i-VS8ddgxigwL5TceKtXGApS,socialdemokraterna,81
1951,ak,i-3A4u29WVtvfu8i1KwuPEeE,högerpartiet,16
1951,ak,i-4nyjRorziqEDtDmp1ZXDoP,högerns_riksdagsgrupp,5
1951,ak,i-CNbGLyuzdkRJ2sJBBpzJit,bondeförbundet,19
1951,ak,i-F6Stwe8wVnSPa3BbgusszQ,moderata_samlingspartiet,2
1951,ak,i-FpGjUCojANuvvwqsNXjcuu,folkpartiet,53
1951,ak,i-UiFZiVNo3YgVfyN93Qigiv,centerpartiet,11
1951,ak,i-VS8ddgxigwL5TceKtXGApS,socialdemokraterna,113
1951,fk,i-3A4u29WVtvfu8i1KwuPEeE,högerpartiet,13
1951,fk,i-4nyjRorziqEDtDmp1ZXDoP,högerns_riksdagsgrupp,4
1951,fk,i-851f4cdfa36f4dbab4b24855a1eb43ce,utan_partibeteckning,1
1951,fk,i-CNbGLyuzdkRJ2sJBBpzJit,bondeförbundet,17
1951,fk,i-F6Stwe8wVnSPa3BbgusszQ,moderata_samlingspartiet,4
1951,fk,i-FpGjUCojANuvvwqsNXjcuu,folkpartiet,20
1951,fk,i-TQCUzfkvYhBFrXeQwXoENH,sveriges_kommunistiska_parti,1
1951,fk,i-UiFZiVNo3YgVfyN93Qigiv,centerpartiet,8
1951,fk,i-VS8ddgxigwL5TceKtXGApS,socialdemokraterna,81
1952,ak,i-3A4u29WVtvfu8i1KwuPEeE,högerpartiet,16
1952,ak,i-4nyjRorziqEDtDmp1ZXDoP,högerns_riksdagsgrupp,5
1952,ak,i-CNbGLyuzdkRJ2sJBBpzJit,bondeförbundet,19
1952,ak,i-F6Stwe8wVnSPa3BbgusszQ,moderata_samlingspartiet,2
1952,ak,i-FpGjUCojANuvvwqsNXjcuu,folkpartiet,53
1952,ak,i-UiFZiVNo3YgVfyN93Qigiv,centerpartiet,11
1952,ak,i-VS8ddgxigwL5TceKtXGApS,socialdemokraterna,112
1952,fk,i-3A4u29WVtvfu8i1KwuPEeE,högerpartiet,13
1952,fk,i-4nyjRorziqEDtDmp1ZXDoP,högerns_riksdagsgrupp,3
1952,fk,i-851f4cdfa36f4dbab4b24855a1eb43ce,utan_partibeteckning,1
1952,fk,i-CNbGLyuzdkRJ2sJBBpzJit,bondeförbundet,15
1952,fk,i-F6Stwe8wVnSPa3BbgusszQ,moderata_samlingspartiet,5
1952,fk,i-FpGjUCojANuvvwqsNXjcuu,folkpartiet,21
1952,fk,i-TQCUzfkvYhBFrXeQwXoENH,sveriges_kommunistiska_parti,1
1952,fk,i-UiFZiVNo3YgVfyN93Qigiv,centerpartiet,9
1952,fk,i-VS8ddgxigwL5TceKtXGApS,socialdemokraterna,82
1953,ak,i-3A4u29WVtvfu8i1KwuPEeE,högerpartiet,23
1953,ak,i-4nyjRorziqEDtDmp1ZXDoP,högerns_riksdagsgrupp,5
1953,ak,i-CNbGLyuzdkRJ2sJBBpzJit,bondeförbundet,14
1953,ak,i-F6Stwe8wVnSPa3BbgusszQ,moderata_samlingspartiet,2
1953,ak,i-FpGjUCojANuvvwqsNXjcuu,folkpartiet,52
1953,ak,i-UiFZiVNo3YgVfyN93Qigiv,centerpartiet,12
1953,ak,i-VS8ddgxigwL5TceKtXGApS,socialdemokraterna,112
1953,fk,i-3A4u29WVtvfu8i1KwuPEeE,högerpartiet,13
1953,fk,i-4nyjRorziqEDtDmp1ZXDoP,högerns_riksdagsgrupp,3
1953,fk,i-851f4cdfa36f4dbab4b24855a1eb43ce,utan_partibeteckning,1
1953,fk,i-CNbGLyuzdkRJ2sJBBpzJit,bondeförbundet,16
1953,fk,i-F6Stwe8wVnSPa3BbgusszQ,moderata_samlingspartiet,4
1953,fk,i-FpGjUCojANuvvwqsNXjcuu,folkpartiet,22
1953,fk,i-TQCUzfkvYhBFrXeQwXoENH,sveriges_kommunistiska_parti,1
1953,fk,i-UiFZiVNo3YgVfyN93Qigiv,centerpartiet,9
1953,fk,i-VS8ddgxigwL5TceKtXGApS,socialdemokraterna,80
1954,ak,i-3A4u29WVtvfu8i1KwuPEeE,högerpartiet,23
1954,ak,i-4nyjRorziqEDtDmp1ZXDoP,högerns_riksdagsgrupp,5
1954,ak,i-CNbGLyuzdkRJ2sJBBpzJit,bondeförbundet,14
1954,ak,i-F6Stwe8wVnSPa3BbgusszQ,moderata_samlingspartiet,2
1954,ak,i-FpGjUCojANuvvwqsNXjcuu,folkpartiet,52
1954,ak,i-UiFZiVNo3YgVfyN93Qigiv,centerpartiet,12
1954,ak,i-VS8ddgxigwL5TceKtXGApS,socialdemokraterna,112
1954,fk,i-3A4u29WVtvfu8i1KwuPEeE,högerpartiet,9
1954,fk,i-4nyjRorziqEDtDmp1ZXDoP,högerns_riksdagsgrupp,3
1954,fk,i-851f4cdfa36f4dbab4b24855a1eb43ce,utan_partibeteckning,1
1954,fk,i-CNbGLyuzdkRJ2sJBBpzJit,bondeförbundet,15
1954,fk,i-F6Stwe8wVnSPa3BbgusszQ,moderata_samlingspartiet,4
1954,fk,i-FpGjUCojANuvvwqsNXjcuu,folkpartiet,27
1954,fk,i-TQCUzfkvYhBFrXeQwXoENH,sveriges_kommunistiska_parti,1
1954,fk,i-UiFZiVNo3YgVfyN93Qigiv,centerpartiet,10
1954,fk,i-VS8ddgxigwL5TceKtXGApS,socialdemokraterna,82
1955,ak,i-3A4u29WVtvfu8i1KwuPEeE,högerpartiet,23
1955,ak,i-4nyjRorziqEDtDmp1ZXDoP,högerns_riksdagsgrupp,5
1955,ak,i-CNbGLyuzdkRJ2sJBBpzJit,bondeförbundet,14
1955,ak,i-F6Stwe8wVnSPa3BbgusszQ,moderata_samlingspartiet,2
1955,ak,i-FpGjUCojANuvvwqsNXjcuu,folkpartiet,52
1955,ak,i-UiFZiVNo3YgVfyN93Qigiv,centerpartiet,12
1955,ak,i-VS8ddgxigwL5TceKtXGApS,socialdemokraterna,112
1955,fk,i-3A4u29WVtvfu8i1KwuPEeE,högerpartiet,8
1955,fk,i-4nyjRorziqEDtDmp1ZXDoP,högerns_riksdagsgrupp,2
1955,fk,i-851f4cdfa36f4dbab4b24855a1eb43ce,utan_partibeteckning,1
1955,fk,i-CNbGLyuzdkRJ2sJBBpzJit,bondeförbundet,14
1955,fk,i-F6Stwe8wVnSPa3BbgusszQ,moderata_samlingspartiet,4
1955,fk,i-FpGjUCojANuvvwqsNXjcuu,folkpartiet,29
1955,fk,i-TQCUzfkvYhBFrXeQwXoENH,sveriges_kommunistiska_parti,1
1955,fk,i-UiFZiVNo3YgVfyN93Qigiv,centerpartiet,11
1955,fk,i-VS8ddgxigwL5TceKtXGApS,socialdemokraterna,79
1956,ak,i-3A4u29WVtvfu8i1KwuPEeE,högerpartiet,24
1956,ak,i-4nyjRorziqEDtDmp1ZXDoP,högerns_riksdagsgrupp,4
1956,ak,i-CNbGLyuzdkRJ2sJBBpzJit,bondeförbundet,15
1956,ak,i-F6Stwe8wVnSPa3BbgusszQ,moderata_samlingspartiet,2
1956,ak,i-FpGjUCojANuvvwqsNXjcuu,folkpartiet,52
1956,ak,i-UiFZiVNo3YgVfyN93Qigiv,centerpartiet,11
1956,ak,i-VS8ddgxigwL5TceKtXGApS,socialdemokraterna,112
1956,fk,i-3A4u29WVtvfu8i1KwuPEeE,högerpartiet,8
1956,fk,i-4nyjRorziqEDtDmp1ZXDoP,högerns_riksdagsgrupp,3
1956,fk,i-CNbGLyuzdkRJ2sJBBpzJit,bondeförbundet,14
1956,fk,i-F6Stwe8wVnSPa3BbgusszQ,moderata_samlingspartiet,4
1956,fk,i-FpGjUCojANuvvwqsNXjcuu,folkpartiet,28
1956,fk,i-TQCUzfkvYhBFrXeQwXoENH,sveriges_kommunistiska_parti,1
1956,fk,i-UiFZiVNo3YgVfyN93Qigiv,centerpartiet,11
1956,fk,i-VS8ddgxigwL5TceKtXGApS,socialdemokraterna,79
1957,ak,i-3A4u29WVtvfu8i1KwuPEeE,högerpartiet,32
1957,ak,i-4nyjRorziqEDtDmp1ZXDoP,högerns_riksdagsgrupp,4
1957,ak,i-CNbGLyuzdkRJ2sJBBpzJit,bondeförbundet,10
1957,ak,i-F6Stwe8wVnSPa3BbgusszQ,moderata_samlingspartiet,5
1957,ak,i-FpGjUCojANuvvwqsNXjcuu,folkpartiet,52
1957,ak,i-UiFZiVNo3YgVfyN93Qigiv,centerpartiet,9
1957,ak,i-VS8ddgxigwL5TceKtXGApS,socialdemokraterna,106
1957,fk,i-3A4u29WVtvfu8i1KwuPEeE,högerpartiet,8
1957,fk,i-4nyjRorziqEDtDmp1ZXDoP,högerns_riksdagsgrupp,2
1957,fk,i-CNbGLyuzdkRJ2sJBBpzJit,bondeförbundet,11
1957,fk,i-F6Stwe8wVnSPa3BbgusszQ,moderata_samlingspartiet,4
1957,fk,i-FpGjUCojANuvvwqsNXjcuu,folkpartiet,28
1957,fk,i-TQCUzfkvYhBFrXeQwXoENH,sveriges_kommunistiska_parti,1
1957,fk,i-UiFZiVNo3YgVfyN93Qigiv,centerpartiet,14
1957,fk,i-VS8ddgxigwL5TceKtXGApS,socialdemokraterna,81
1958,ak,i-3A4u29WVtvfu8i1KwuPEeE,högerpartiet,37
1958,ak,i-4nyjRorziqEDtDmp1ZXDoP,högerns_riksdagsgrupp,4
1958,ak,i-CNbGLyuzdkRJ2sJBBpzJit,bondeförbundet,11
1958,ak,i-F6Stwe8wVnSPa3BbgusszQ,moderata_samlingspartiet,6
1958,ak,i-FpGjUCojANuvvwqsNXjcuu,folkpartiet,53
1958,ak,i-UiFZiVNo3YgVfyN93Qigiv,centerpartiet,20
1958,ak,i-VS8ddgxigwL5TceKtXGApS,socialdemokraterna,111
1958,fk,i-3A4u29WVtvfu8i1KwuPEeE,högerpartiet,10
1958,fk,i-4nyjRorziqEDtDmp1ZXDoP,högerns_riksdagsgrupp,2
1958,fk,i-CNbGLyuzdkRJ2sJBBpzJit,bondeförbundet,7
1958,fk,i-F6Stwe8wVnSPa3BbgusszQ,moderata_samlingspartiet,5
1958,fk,i-FpGjUCojANuvvwqsNXjcuu,folkpartiet,27
1958,fk,i-TQCUzfkvYhBFrXeQwXoENH,sveriges_kommunistiska_parti,1
1958,fk,i-UiFZiVNo3YgVfyN93Qigiv,centerpartiet,16
1958,fk,i-VS8ddgxigwL5TceKtXGApS,socialdemokraterna,80
1959,ak,i-3A4u29WVtvfu8i1KwuPEeE,högerpartiet,34
1959,ak,i-4nyjRorziqEDtDmp1ZXDoP,högerns_riksdagsgrupp,4
1959,ak,i-CNbGLyuzdkRJ2sJBBpzJit,bondeförbundet,10
1959,ak,i-F6Stwe8wVnSPa3BbgusszQ,moderata_samlingspartiet,6
1959,ak,i-FpGjUCojANuvvwqsNXjcuu,folkpartiet,33
1959,ak,i-UiFZiVNo3YgVfyN93Qigiv,centerpartiet,22
1959,ak,i-VS8ddgxigwL5TceKtXGApS,socialdemokraterna,111
1959,fk,i-3A4u29WVtvfu8i1KwuPEeE,högerpartiet,10
1959,fk,i-4nyjRorziqEDtDmp1ZXDoP,högerns_riksdagsgrupp,2
1959,fk,i-CNbGLyuzdkRJ2sJBBpzJit,bondeförbundet,6
1959,fk,i-F6Stwe8wVnSPa3BbgusszQ,moderata_samlingspartiet,5
1959,fk,i-FpGjUCojANuvvwqsNXjcuu,folkpartiet,30
1959,fk,i-TQCUzfkvYhBFrXeQwXoENH,sveriges_kommunistiska_parti,1
1959,fk,i-UiFZiVNo3YgVfyN93Qigiv,centerpartiet,16
1959,fk,i-VS8ddgxigwL5TceKtXGApS,socialdemokraterna,80
1960,ak,i-3A4u29WVtvfu8i1KwuPEeE,högerpartiet,33
1960,ak,i-4nyjRorziqEDtDmp1ZXDoP,högerns_riksdagsgrupp,4
1960,ak,i-CNbGLyuzdkRJ2sJBBpzJit,bondeförbundet,10
1960,ak,i-F6Stwe8wVnSPa3BbgusszQ,moderata_samlingspartiet,7
1960,ak,i-FpGjUCojANuvvwqsNXjcuu,folkpartiet,33
1960,ak,i-UiFZiVNo3YgVfyN93Qigiv,centerpartiet,22
1960,ak,i-VS8ddgxigwL5TceKtXGApS,socialdemokraterna,111
1960,fk,i-3A4u29WVtvfu8i1KwuPEeE,högerpartiet,10
1960,fk,i-4nyjRorziqEDtDmp1ZXDoP,högerns_riksdagsgrupp,1
1960,fk,i-CNbGLyuzdkRJ2sJBBpzJit,bondeförbundet,4
1960,fk,i-F6Stwe8wVnSPa3BbgusszQ,moderata_samlingspartiet,7
1960,fk,i-FpGjUCojANuvvwqsNXjcuu,folkpartiet,30
1960,fk,i-TQCUzfkvYhBFrXeQwXoENH,sveriges_kommunistiska_parti,1
1960,fk,i-UiFZiVNo3YgVfyN93Qigiv,centerpartiet,18
1960,fk,i-VS8ddgxigwL5TceKtXGApS,socialdemokraterna,80
1961,ak,i-3A4u29WVtvfu8i1KwuPEeE,högerpartiet,28
1961,ak,i-4nyjRorziqEDtDmp1ZXDoP,högerns_riksdagsgrupp,3
1961,ak,i-CNbGLyuzdkRJ2sJBBpzJit,bondeförbundet,7
1961,ak,i-F6Stwe8wVnSPa3BbgusszQ,moderata_samlingspartiet,7
1961,ak,i-FpGjUCojANuvvwqsNXjcuu,folkpartiet,36
1961,ak,i-UiFZiVNo3YgVfyN93Qigiv,centerpartiet,25
1961,ak,i-VS8ddgxigwL5TceKtXGApS,socialdemokraterna,115
1961,fk,i-3A4u29WVtvfu8i1KwuPEeE,högerpartiet,12
1961,fk,i-4nyjRorziqEDtDmp1ZXDoP,högerns_riksdagsgrupp,1
1961,fk,i-CNbGLyuzdkRJ2sJBBpzJit,bondeförbundet,3
1961,fk,i-F6Stwe8wVnSPa3BbgusszQ,moderata_samlingspartiet,7
1961,fk,i-FpGjUCojANuvvwqsNXjcuu,folkpartiet,32
1961,fk,i-TQCUzfkvYhBFrXeQwXoENH,sveriges_kommunistiska_parti,1
1961,fk,i-UiFZiVNo3YgVfyN93Qigiv,centerpartiet,17
1961,fk,i-VS8ddgxigwL5TceKtXGApS,socialdemokraterna,78
1962,ak,i-3A4u29WVtvfu8i1KwuPEeE,högerpartiet,29
1962,ak,i-4nyjRorziqEDtDmp1ZXDoP,högerns_riksdagsgrupp,3
1962,ak,i-CNbGLyuzdkRJ2sJBBpzJit,bondeförbundet,7
1962,ak,i-F6Stwe8wVnSPa3BbgusszQ,moderata_samlingspartiet,7
1962,ak,i-FpGjUCojANuvvwqsNXjcuu,folkpartiet,36
1962,ak,i-UiFZiVNo3YgVfyN93Qigiv,centerpartiet,25
1962,ak,i-VS8ddgxigwL5TceKtXGApS,socialdemokraterna,114
1962,fk,i-3A4u29WVtvfu8i1KwuPEeE,högerpartiet,13
1962,fk,i-4nyjRorziqEDtDmp1ZXDoP,högerns_riksdagsgrupp,2
1962,fk,i-CNbGLyuzdkRJ2sJBBpzJit,bondeförbundet,3
1962,fk,i-F6Stwe8wVnSPa3BbgusszQ,moderata_samlingspartiet,9
1962,fk,i-FpGjUCojANuvvwqsNXjcuu,folkpartiet,27
1962,fk,i-TQCUzfkvYhBFrXeQwXoENH,sveriges_kommunistiska_parti,1
1962,fk,i-UiFZiVNo3YgVfyN93Qigiv,centerpartiet,16
1962,fk,i-VS8ddgxigwL5TceKtXGApS,socialdemokraterna,78
1963,ak,i-3A4u29WVtvfu8i1KwuPEeE,högerpartiet,28
1963,ak,i-4nyjRorziqEDtDmp1ZXDoP,högerns_riksdagsgrupp,3
1963,ak,i-CNbGLyuzdkRJ2sJBBpzJit,bondeförbundet,7
1963,ak,i-F6Stwe8wVnSPa3BbgusszQ,moderata_samlingspartiet,9
1963,ak,i-FpGjUCojANuvvwqsNXjcuu,folkpartiet,35
1963,ak,i-UiFZiVNo3YgVfyN93Qigiv,centerpartiet,25
1963,ak,i-VS8ddgxigwL5TceKtXGApS,socialdemokraterna,114
1963,fk,i-3A4u29WVtvfu8i1KwuPEeE,högerpartiet,13
1963,fk,i-4nyjRorziqEDtDmp1ZXDoP,högerns_riksdagsgrupp,2
1963,fk,i-CNbGLyuzdkRJ2sJBBpzJit,bondeförbundet,3
1963,fk,i-F6Stwe8wVnSPa3BbgusszQ,moderata_samlingspartiet,12
1963,fk,i-FpGjUCojANuvvwqsNXjcuu,folkpartiet,25
1963,fk,i-UiFZiVNo3YgVfyN93Qigiv,centerpartiet,16
1963,fk,i-VS8ddgxigwL5TceKtXGApS,socialdemokraterna,78
1964,ak,i-3A4u29WVtvfu8i1KwuPEeE,högerpartiet,28
1964,ak,i-4nyjRorziqEDtDmp1ZXDoP,högerns_riksdagsgrupp,3
1964,ak,i-CNbGLyuzdkRJ2sJBBpzJit,bondeförbundet,7
1964,ak,i-F6Stwe8wVnSPa3BbgusszQ,moderata_samlingspartiet,9
1964,ak,i-FpGjUCojANuvvwqsNXjcuu,folkpartiet,35
1964,ak,i-UiFZiVNo3YgVfyN93Qigiv,centerpartiet,25
1964,ak,i-VS8ddgxigwL5TceKtXGApS,socialdemokraterna,114
1964,fk,i-3A4u29WVtvfu8i1KwuPEeE,högerpartiet,14
1964,fk,i-4nyjRorziqEDtDmp1ZXDoP,högerns_riksdagsgrupp,2
1964,fk,i-CNbGLyuzdkRJ2sJBBpzJit,bondeförbundet,2
1964,fk,i-F6Stwe8wVnSPa3BbgusszQ,moderata_samlingspartiet,11
1964,fk,i-FpGjUCojANuvvwqsNXjcuu,folkpartiet,25
1964,fk,i-UiFZiVNo3YgVfyN93Qigiv,centerpartiet,16
1964,fk,i-VS8ddgxigwL5TceKtXGApS,socialdemokraterna,79
1965,ak,i-3A4u29WVtvfu8i1KwuPEeE,högerpartiet,19
1965,ak,i-4nyjRorziqEDtDmp1ZXDoP,högerns_riksdagsgrupp,1
1965,ak,i-ANbQF76SzeSESXQFvzPzFw,medborgerlig_samling_(1964–1968),1
1965,ak,i-CNbGLyuzdkRJ2sJBBpzJit,bondeförbundet,4
1965,ak,i-F6Stwe8wVnSPa3BbgusszQ,moderata_samlingspartiet,13
1965,ak,i-FpGjUCojANuvvwqsNXjcuu,folkpartiet,36
1965,ak,i-UiFZiVNo3YgVfyN93Qigiv,centerpartiet,29
1965,ak,i-VS8ddgxigwL5TceKtXGApS,socialdemokraterna,113
1965,fk,i-3A4u29WVtvfu8i1KwuPEeE,högerpartiet,13
1965,fk,i-4nyjRorziqEDtDmp1ZXDoP,högerns_riksdagsgrupp,1
1965,fk,i-CNbGLyuzdkRJ2sJBBpzJit,bondeförbundet,2
1965,fk,i-F6Stwe8wVnSPa3BbgusszQ,moderata_samlingspartiet,13
1965,fk,i-FpGjUCojANuvvwqsNXjcuu,folkpartiet,23
1965,fk,i-UiFZiVNo3YgVfyN93Qigiv,centerpartiet,17
1965,fk,i-VS8ddgxigwL5TceKtXGApS,socialdemokraterna,78
1966,ak,i-3A4u29WVtvfu8i1KwuPEeE,högerpartiet,17
1966,ak,i-4nyjRorziqEDtDmp1ZXDoP,högerns_riksdagsgrupp,1
1966,ak,i-ANbQF76SzeSESXQFvzPzFw,medborgerlig_samling_(1964–1968),1
1966,ak,i-CNbGLyuzdkRJ2sJBBpzJit,bondeförbundet,4
1966,ak,i-F6Stwe8wVnSPa3BbgusszQ,moderata_samlingspartiet,14
1966,ak,i-FpGjUCojANuvvwqsNXjcuu,folkpartiet,36
1966,ak,i-UiFZiVNo3YgVfyN93Qigiv,centerpartiet,30
1966,ak,i-VS8ddgxigwL5TceKtXGApS,socialdemokraterna,113
1966,fk,i-3A4u29WVtvfu8i1KwuPEeE,högerpartiet,13
1966,fk,i-4nyjRorziqEDtDmp1ZXDoP,högerns_riksdagsgrupp,1
1966,fk,i-CNbGLyuzdkRJ2sJBBpzJit,bondeförbundet,2
1966,fk,i-F6Stwe8wVnSPa3BbgusszQ,moderata_samlingspartiet,13
1966,fk,i-FpGjUCojANuvvwqsNXjcuu,folkpartiet,24
1966,fk,i-UiFZiVNo3YgVfyN93Qigiv,centerpartiet,16
1966,fk,i-VS8ddgxigwL5TceKtXGApS,socialdemokraterna,81
1967,ak,i-3A4u29WVtvfu8i1KwuPEeE,högerpartiet,17
1967,ak,i-4nyjRorziqEDtDmp1ZXDoP,högerns_riksdagsgrupp,1
1967,ak,i-ANbQF76SzeSESXQFvzPzFw,medborgerlig_samling_(1964–1968),1
1967,ak,i-CNbGLyuzdkRJ2sJBBpzJit,bondeförbundet,4
1967,ak,i-F6Stwe8wVnSPa3BbgusszQ,moderata_samlingspartiet,14
1967,ak,i-FpGjUCojANuvvwqsNXjcuu,folkpartiet,35
1967,ak,i-UiFZiVNo3YgVfyN93Qigiv,centerpartiet,29
1967,ak,i-VS8ddgxigwL5TceKtXGApS,socialdemokraterna,113
1967,fk,i-3A4u29WVtvfu8i1KwuPEeE,högerpartiet,12
1967,fk,i-4nyjRorziqEDtDmp1ZXDoP,högerns_riksdagsgrupp,1
1967,fk,i-CNbGLyuzdkRJ2sJBBpzJit,bondeförbundet,2
1967,fk,i-F6Stwe8wVnSPa3BbgusszQ,moderata_samlingspartiet,14
1967,fk,i-FpGjUCojANuvvwqsNXjcuu,folkpartiet,22
1967,fk,i-UiFZiVNo3YgVfyN93Qigiv,centerpartiet,17
1967,fk,i-VS8ddgxigwL5TceKtXGApS,socialdemokraterna,81
1968,ak,i-3A4u29WVtvfu8i1KwuPEeE,högerpartiet,17
1968,ak,i-4nyjRorziqEDtDmp1ZXDoP,högerns_riksdagsgrupp,1
1968,ak,i-ANbQF76SzeSESXQFvzPzFw,medborgerlig_samling_(1964–1968),1
1968,ak,i-CNbGLyuzdkRJ2sJBBpzJit,bondeförbundet,4
1968,ak,i-F6Stwe8wVnSPa3BbgusszQ,moderata_samlingspartiet,14
1968,ak,i-FpGjUCojANuvvwqsNXjcuu,folkpartiet,35
1968,ak,i-UiFZiVNo3YgVfyN93Qigiv,centerpartiet,29
1968,ak,i-VS8ddgxigwL5TceKtXGApS,socialdemokraterna,113
1968,fk,i-3A4u29WVtvfu8i1KwuPEeE,högerpartiet,12
1968,fk,i-CNbGLyuzdkRJ2sJBBpzJit,bondeförbundet,2
1968,fk,i-F6Stwe8wVnSPa3BbgusszQ,moderata_samlingspartiet,14
1968,fk,i-FpGjUCojANuvvwqsNXjcuu,folkpartiet,22
1968,fk,i-UiFZiVNo3YgVfyN93Qigiv,centerpartiet,19
1968,fk,i-VS8ddgxigwL5TceKtXGApS,socialdemokraterna,81
1969,ak,i-3A4u29WVtvfu8i1KwuPEeE,högerpartiet,11
1969,ak,i-CNbGLyuzdkRJ2sJBBpzJit,bondeförbundet,3
1969,ak,i-F6Stwe8wVnSPa3BbgusszQ,moderata_samlingspartiet,20
1969,ak,i-FpGjUCojANuvvwqsNXjcuu,folkpartiet,25
1969,ak,i-UiFZiVNo3YgVfyN93Qigiv,centerpartiet,34
1969,ak,i-VS8ddgxigwL5TceKtXGApS,socialdemokraterna,125
1969,fk,i-3A4u29WVtvfu8i1KwuPEeE,högerpartiet,9
1969,fk,i-CNbGLyuzdkRJ2sJBBpzJit,bondeförbundet,2
1969,fk,i-F6Stwe8wVnSPa3BbgusszQ,moderata_samlingspartiet,17
1969,fk,i-FpGjUCojANuvvwqsNXjcuu,folkpartiet,20
1969,fk,i-UiFZiVNo3YgVfyN93Qigiv,centerpartiet,17
1969,fk,i-VS8ddgxigwL5TceKtXGApS,socialdemokraterna,81
1970,ak,i-3A4u29WVtvfu8i1KwuPEeE,högerpartiet,12
1970,ak,i-CNbGLyuzdkRJ2sJBBpzJit,bondeförbundet,3
1970,ak,i-F6Stwe8wVnSPa3BbgusszQ,moderata_samlingspartiet,20
1970,ak,i-FpGjUCojANuvvwqsNXjcuu,folkpartiet,25
1970,ak,i-UiFZiVNo3YgVfyN93Qigiv,centerpartiet,34
1970,ak,i-VS8ddgxigwL5TceKtXGApS,socialdemokraterna,125
1970,fk,i-3A4u29WVtvfu8i1KwuPEeE,högerpartiet,8
1970,fk,i-CNbGLyuzdkRJ2sJBBpzJit,bondeförbundet,2
1970,fk,i-F6Stwe8wVnSPa3BbgusszQ,moderata_samlingspartiet,15
1970,fk,i-FpGjUCojANuvvwqsNXjcuu,folkpartiet,21
1970,fk,i-UiFZiVNo3YgVfyN93Qigiv,centerpartiet,18
1970,fk,i-VS8ddgxigwL5TceKtXGApS,socialdemokraterna,81
1971,ek,i-2SVXJYpXaRHXxbWRcbRd5N,vänsterpartiet_kommunisterna,17
1971,ek,i-F6Stwe8wVnSPa3BbgusszQ,moderata_samlingspartiet,41
1971,ek,i-FpGjUCojANuvvwqsNXjcuu,folkpartiet,62
1971,ek,i-UiFZiVNo3YgVfyN93Qigiv,centerpartiet,74
1971,ek,i-VS8ddgxigwL5TceKtXGApS,socialdemokraterna,166
1972,ek,i-2SVXJYpXaRHXxbWRcbRd5N,vänsterpartiet_kommunisterna,17
1972,ek,i-F6Stwe8wVnSPa3BbgusszQ,moderata_samlingspartiet,42
1972,ek,i-FpGjUCojANuvvwqsNXjcuu,folkpartiet,62
1972,ek,i-UiFZiVNo3YgVfyN93Qigiv,centerpartiet,74
1972,ek,i-VS8ddgxigwL5TceKtXGApS,socialdemokraterna,167
1973,ek,i-2SVXJYpXaRHXxbWRcbRd5N,vänsterpartiet_kommunisterna,17
1973,ek,i-F6Stwe8wVnSPa3BbgusszQ,moderata_samlingspartiet,42
1973,ek,i-FpGjUCojANuvvwqsNXjcuu,folkpartiet,62
1973,ek,i-UiFZiVNo3YgVfyN93Qigiv,centerpartiet,74
1973,ek,i-VS8ddgxigwL5TceKtXGApS,socialdemokraterna,166
1974,ek,i-2SVXJYpXaRHXxbWRcbRd5N,vänsterpartiet_kommunisterna,19
1974,ek,i-F6Stwe8wVnSPa3BbgusszQ,moderata_samlingspartiet,52
1974,ek,i-FpGjUCojANuvvwqsNXjcuu,folkpartiet,37
1974,ek,i-UiFZiVNo3YgVfyN93Qigiv,centerpartiet,93
1974,ek,i-VS8ddgxigwL5TceKtXGApS,socialdemokraterna,160
1975,ek,i-2SVXJYpXaRHXxbWRcbRd5N,vänsterpartiet_kommunisterna,19
1975,ek,i-F6Stwe8wVnSPa3BbgusszQ,moderata_samlingspartiet,52
1975,ek,i-FpGjUCojANuvvwqsNXjcuu,folkpartiet,37
1975,ek,i-UiFZiVNo3YgVfyN93Qigiv,centerpartiet,93
1975,ek,i-VS8ddgxigwL5TceKtXGApS,socialdemokraterna,160
197576,ek,i-2SVXJYpXaRHXxbWRcbRd5N,vänsterpartiet_kommunisterna,19
197576,ek,i-F6Stwe8wVnSPa3BbgusszQ,moderata_samlingspartiet,52
197576,ek,i-FpGjUCojANuvvwqsNXjcuu,folkpartiet,37
197576,ek,i-UiFZiVNo3YgVfyN93Qigiv,centerpartiet,93
197576,ek,i-VS8ddgxigwL5TceKtXGApS,socialdemokraterna,160
197677,ek,i-2SVXJYpXaRHXxbWRcbRd5N,vänsterpartiet_kommunisterna,17
197677,ek,i-F6Stwe8wVnSPa3BbgusszQ,moderata_samlingspartiet,56
197677,ek,i-FpGjUCojANuvvwqsNXjcuu,folkpartiet,42
197677,ek,i-UiFZiVNo3YgVfyN93Qigiv,centerpartiet,89
197677,ek,i-VS8ddgxigwL5TceKtXGApS,socialdemokraterna,155
197778,ek,i-2SVXJYpXaRHXxbWRcbRd5N,vänsterpartiet_kommunisterna,15
197778,ek,i-F6Stwe8wVnSPa3BbgusszQ,moderata_samlingspartiet,56
197778,ek,i-FpGjUCojANuvvwqsNXjcuu,folkpartiet,43
197778,ek,i-UiFZiVNo3YgVfyN93Qigiv,centerpartiet,89
197778,ek,i-VS8ddgxigwL5TceKtXGApS,socialdemokraterna,155
197879,ek,i-2SVXJYpXaRHXxbWRcbRd5N,vänsterpartiet_kommunisterna,15
197879,ek,i-F6Stwe8wVnSPa3BbgusszQ,moderata_samlingspartiet,57
197879,ek,i-FpGjUCojANuvvwqsNXjcuu,folkpartiet,42
197879,ek,i-UiFZiVNo3YgVfyN93Qigiv,centerpartiet,90
197879,ek,i-VS8ddgxigwL5TceKtXGApS,socialdemokraterna,154
197980,ek,i-2SVXJYpXaRHXxbWRcbRd5N,vänsterpartiet_kommunisterna,20
197980,ek,i-F6Stwe8wVnSPa3BbgusszQ,moderata_samlingspartiet,75
197980,ek,i-FpGjUCojANuvvwqsNXjcuu,folkpartiet,41
197980,ek,i-UiFZiVNo3YgVfyN93Qigiv,centerpartiet,69
197980,ek,i-VS8ddgxigwL5TceKtXGApS,socialdemokraterna,157
198081,ek,i-2SVXJYpXaRHXxbWRcbRd5N,vänsterpartiet_kommunisterna,20
198081,ek,i-F6Stwe8wVnSPa3BbgusszQ,moderata_samlingspartiet,75
198081,ek,i-FpGjUCojANuvvwqsNXjcuu,folkpartiet,41
198081,ek,i-UiFZiVNo3YgVfyN93Qigiv,centerpartiet,71
198081,ek,i-VS8ddgxigwL5TceKtXGApS,socialdemokraterna,157
198182,ek,i-2SVXJYpXaRHXxbWRcbRd5N,vänsterpartiet_kommunisterna,20
198182,ek,i-F6Stwe8wVnSPa3BbgusszQ,moderata_samlingspartiet,74
198182,ek,i-FpGjUCojANuvvwqsNXjcuu,folkpartiet,40
198182,ek,i-UiFZiVNo3YgVfyN93Qigiv,centerpartiet,71
198182,ek,i-VS8ddgxigwL5TceKtXGApS,socialdemokraterna,157
198283,ek,i-2SVXJYpXaRHXxbWRcbRd5N,vänsterpartiet_kommunisterna,20
198283,ek,i-F6Stwe8wVnSPa3BbgusszQ,moderata_samlingspartiet,88
198283,ek,i-FpGjUCojANuvvwqsNXjcuu,folkpartiet,21
198283,ek,i-UiFZiVNo3YgVfyN93Qigiv,centerpartiet,61
198283,ek,i-VS8ddgxigwL5TceKtXGApS,socialdemokraterna,170
198384,ek,i-2SVXJYpXaRHXxbWRcbRd5N,vänsterpartiet_kommunisterna,20
198384,ek,i-F6Stwe8wVnSPa3BbgusszQ,moderata_samlingspartiet,88
198384,ek,i-FpGjUCojANuvvwqsNXjcuu,folkpartiet,21
198384,ek,i-UiFZiVNo3YgVfyN93Qigiv,centerpartiet,60
198384,ek,i-VS8ddgxigwL5TceKtXGApS,socialdemokraterna,170
198485,ek,i-2SVXJYpXaRHXxbWRcbRd5N,vänsterpartiet_kommunisterna,20
198485,ek,i-F6Stwe8wVnSPa3BbgusszQ,moderata_samlingspartiet,88
198485,ek,i-FpGjUCojANuvvwqsNXjcuu,folkpartiet,22
198485,ek,i-UiFZiVNo3YgVfyN93Qigiv,centerpartiet,60
198485,ek,i-VS8ddgxigwL5TceKtXGApS,socialdemokraterna,171
198586,ek,i-2SVXJYpXaRHXxbWRcbRd5N,vänsterpartiet_kommunisterna,19
198586,ek,i-F6Stwe8wVnSPa3BbgusszQ,moderata_samlingspartiet,78
198586,ek,i-FpGjUCojANuvvwqsNXjcuu,folkpartiet,53
198586,ek,i-UiFZiVNo3YgVfyN93Qigiv,centerpartiet,48
198586,ek,i-VS8ddgxigwL5TceKtXGApS,socialdemokraterna,164
198687,ek,i-2SVXJYpXaRHXxbWRcbRd5N,vänsterpartiet_kommunisterna,19
198687,ek,i-F6Stwe8wVnSPa3BbgusszQ,moderata_samlingspartiet,78
198687,ek,i-FpGjUCojANuvvwqsNXjcuu,folkpartiet,53
198687,ek,i-UiFZiVNo3YgVfyN93Qigiv,centerpartiet,48
198687,ek,i-VS8ddgxigwL5TceKtXGApS,socialdemokraterna,164
198788,ek,i-2SVXJYpXaRHXxbWRcbRd5N,vänsterpartiet_kommunisterna,18
198788,ek,i-B79rKJX4ZV61ozevGt8JLL,kristdemokratiska_samhällspartiet,1
198788,ek,i-F6Stwe8wVnSPa3BbgusszQ,moderata_samlingspartiet,78
198788,ek,i-FpGjUCojANuvvwqsNXjcuu,folkpartiet,53
198788,ek,i-UiFZiVNo3YgVfyN93Qigiv,centerpartiet,47
198788,ek,i-VS8ddgxigwL5TceKtXGApS,socialdemokraterna,164
198889,ek,i-2SVXJYpXaRHXxbWRcbRd5N,vänsterpartiet_kommunisterna,21
198889,ek,i-F6Stwe8wVnSPa3BbgusszQ,moderata_samlingspartiet,68
198889,ek,i-FpGjUCojANuvvwqsNXjcuu,folkpartiet,44
198889,ek,i-Qha9NerKBigcjJXgoRk4Md,miljöpartiet,20
198889,ek,i-UiFZiVNo3YgVfyN93Qigiv,centerpartiet,46
198889,ek,i-VS8ddgxigwL5TceKtXGApS,socialdemokraterna,161
198990,ek,i-CJb7bcc1eZcehvGarg8GpB,vänsterpartiet,21
198990,ek,i-F6Stwe8wVnSPa3BbgusszQ,moderata_samlingspartiet,68
198990,ek,i-Hm85EQfFmbYuYFPjpXtuCj,folkpartiet_liberalerna,44
198990,ek,i-Qha9NerKBigcjJXgoRk4Md,miljöpartiet,20
198990,ek,i-UiFZiVNo3YgVfyN93Qigiv,centerpartiet,46
198990,ek,i-VS8ddgxigwL5TceKtXGApS,socialdemokraterna,161
199091,ek,i-CJb7bcc1eZcehvGarg8GpB,vänsterpartiet,20
199091,ek,i-F6Stwe8wVnSPa3BbgusszQ,moderata_samlingspartiet,68
199091,ek,i-Hm85EQfFmbYuYFPjpXtuCj,folkpartiet_liberalerna,44
199091,ek,i-Qha9NerKBigcjJXgoRk4Md,miljöpartiet,20
199091,ek,i-UiFZiVNo3YgVfyN93Qigiv,centerpartiet,46
199091,ek,i-VS8ddgxigwL5TceKtXGApS,socialdemokraterna,163
199192,ek,i-B79rKJX4ZV61ozevGt8JLL,kristdemokratiska_samhällspartiet,25
199192,ek,i-CJb7bcc1eZcehvGarg8GpB,vänsterpartiet,16
199192,ek,i-F6Stwe8wVnSPa3BbgusszQ,moderata_samlingspartiet,83
199192,ek,i-Hm85EQfFmbYuYFPjpXtuCj,folkpartiet_liberalerna,33
199192,ek,i-UiFZiVNo3YgVfyN93Qigiv,centerpartiet,35
199192,ek,i-VS8ddgxigwL5TceKtXGApS,socialdemokraterna,143
199192,ek,i-YYGgpk3VEG9XW1wZTzUShT,ny_demokrati,25
199293,ek,i-B79rKJX4ZV61ozevGt8JLL,kristdemokratiska_samhällspartiet,26
199293,ek,i-CJb7bcc1eZcehvGarg8GpB,vänsterpartiet,14
199293,ek,i-F6Stwe8wVnSPa3BbgusszQ,moderata_samlingspartiet,83
199293,ek,i-Hm85EQfFmbYuYFPjpXtuCj,folkpartiet_liberalerna,33
199293,ek,i-UiFZiVNo3YgVfyN93Qigiv,centerpartiet,35
199293,ek,i-VS8ddgxigwL5TceKtXGApS,socialdemokraterna,143
199293,ek,i-YYGgpk3VEG9XW1wZTzUShT,ny_demokrati,25
199394,ek,i-851f4cdfa36f4dbab4b24855a1eb43ce,utan_partibeteckning,1
199394,ek,i-B79rKJX4ZV61ozevGt8JLL,kristdemokratiska_samhällspartiet,27
199394,ek,i-CJb7bcc1eZcehvGarg8GpB,vänsterpartiet,14
199394,ek,i-F6Stwe8wVnSPa3BbgusszQ,moderata_samlingspartiet,83
199394,ek,i-Hm85EQfFmbYuYFPjpXtuCj,folkpartiet_liberalerna,33
199394,ek,i-UiFZiVNo3YgVfyN93Qigiv,centerpartiet,35
199394,ek,i-VS8ddgxigwL5TceKtXGApS,socialdemokraterna,143
199394,ek,i-YYGgpk3VEG9XW1wZTzUShT,ny_demokrati,24
199495,ek,i-B79rKJX4ZV61ozevGt8JLL,kristdemokratiska_samhällspartiet,16
199495,ek,i-CJb7bcc1eZcehvGarg8GpB,vänsterpartiet,22
199495,ek,i-F6Stwe8wVnSPa3BbgusszQ,moderata_samlingspartiet,82
199495,ek,i-Hm85EQfFmbYuYFPjpXtuCj,folkpartiet_liberalerna,26
199495,ek,i-Qha9NerKBigcjJXgoRk4Md,miljöpartiet,18
199495,ek,i-UiFZiVNo3YgVfyN93Qigiv,centerpartiet,31
199495,ek,i-VS8ddgxigwL5TceKtXGApS,socialdemokraterna,166
199596,ek,i-B79rKJX4ZV61ozevGt8JLL,kristdemokratiska_samhällspartiet,1
199596,ek,i-BRRSButj7zSqB1u7zD6hod,kristdemokraterna,16
199596,ek,i-CJb7bcc1eZcehvGarg8GpB,vänsterpartiet,22
199596,ek,i-F6Stwe8wVnSPa3BbgusszQ,moderata_samlingspartiet,81
199596,ek,i-Hm85EQfFmbYuYFPjpXtuCj,folkpartiet_liberalerna,26
199596,ek,i-Qha9NerKBigcjJXgoRk4Md,miljöpartiet,18
199596,ek,i-UiFZiVNo3YgVfyN93Qigiv,centerpartiet,31
199596,ek,i-VS8ddgxigwL5TceKtXGApS,socialdemokraterna,166
199697,ek,i-B79rKJX4ZV61ozevGt8JLL,kristdemokratiska_samhällspartiet,1
199697,ek,i-BRRSButj7zSqB1u7zD6hod,kristdemokraterna,16
199697,ek,i-CJb7bcc1eZcehvGarg8GpB,vänsterpartiet,22
199697,ek,i-F6Stwe8wVnSPa3BbgusszQ,moderata_samlingspartiet,81
199697,ek,i-Hm85EQfFmbYuYFPjpXtuCj,folkpartiet_liberalerna,26
199697,ek,i-Qha9NerKBigcjJXgoRk4Md,miljöpartiet,18
199697,ek,i-UiFZiVNo3YgVfyN93Qigiv,centerpartiet,31
199697,ek,i-VS8ddgxigwL5TceKtXGApS,socialdemokraterna,166
199798,ek,i-B79rKJX4ZV61ozevGt8JLL,kristdemokratiska_samhällspartiet,1
199798,ek,i-BRRSButj7zSqB1u7zD6hod,kristdemokraterna,16
199798,ek,i-CJb7bcc1eZcehvGarg8GpB,vänsterpartiet,22
199798,ek,i-F6Stwe8wVnSPa3BbgusszQ,moderata_samlingspartiet,81
199798,ek,i-Hm85EQfFmbYuYFPjpXtuCj,folkpartiet_liberalerna,26
199798,ek,i-Qha9NerKBigcjJXgoRk4Md,miljöpartiet,18
199798,ek,i-UiFZiVNo3YgVfyN93Qigiv,centerpartiet,31
199798,ek,i-VS8ddgxigwL5TceKtXGApS,socialdemokraterna,166
199899,ek,i-B79rKJX4ZV61ozevGt8JLL,kristdemokratiska_samhällspartiet,1
199899,ek,i-BRRSButj7zSqB1u7zD6hod,kristdemokraterna,42
199899,ek,i-CJb7bcc1eZcehvGarg8GpB,vänsterpartiet,43
199899,ek,i-F6Stwe8wVnSPa3BbgusszQ,moderata_samlingspartiet,84
199899,ek,i-Hm85EQfFmbYuYFPjpXtuCj,folkpartiet_liberalerna,18
199899,ek,i-Qha9NerKBigcjJXgoRk4Md,miljöpartiet,16
199899,ek,i-UiFZiVNo3YgVfyN93Qigiv,centerpartiet,22
199899,ek,i-VS8ddgxigwL5TceKtXGApS,socialdemokraterna,135
199900,ek,i-B79rKJX4ZV61ozevGt8JLL,kristdemokratiska_samhällspartiet,1
199900,ek,i-BRRSButj7zSqB1u7zD6hod,kristdemokraterna,42
199900,ek,i-CJb7bcc1eZcehvGarg8GpB,vänsterpartiet,43
199900,ek,i-F6Stwe8wVnSPa3BbgusszQ,moderata_samlingspartiet,84
199900,ek,i-Hm85EQfFmbYuYFPjpXtuCj,folkpartiet_liberalerna,18
199900,ek,i-Qha9NerKBigcjJXgoRk4Md,miljöpartiet,16
199900,ek,i-UiFZiVNo3YgVfyN93Qigiv,centerpartiet,22
199900,ek,i-VS8ddgxigwL5TceKtXGApS,socialdemokraterna,135
200001,ek,i-851f4cdfa36f4dbab4b24855a1eb43ce,utan_partibeteckning,1
200001,ek,i-B79rKJX4ZV61ozevGt8JLL,kristdemokratiska_samhällspartiet,1
200001,ek,i-BRRSButj7zSqB1u7zD6hod,kristdemokraterna,42
200001,ek,i-CJb7bcc1eZcehvGarg8GpB,vänsterpartiet,43
200001,ek,i-F6Stwe8wVnSPa3BbgusszQ,moderata_samlingspartiet,83
200001,ek,i-Hm85EQfFmbYuYFPjpXtuCj,folkpartiet_liberalerna,18
200001,ek,i-Qha9NerKBigcjJXgoRk4Md,miljöpartiet,16
200001,ek,i-UiFZiVNo3YgVfyN93Qigiv,centerpartiet,22
200001,ek,i-VS8ddgxigwL5TceKtXGApS,socialdemokraterna,135
200102,ek,i-B79rKJX4ZV61ozevGt8JLL,kristdemokratiska_samhällspartiet,1
200102,ek,i-BRRSButj7zSqB1u7zD6hod,kristdemokraterna,42
200102,ek,i-CJb7bcc1eZcehvGarg8GpB,vänsterpartiet,43
200102,ek,i-Cb6hYmJf4EDxesFRgErquJ,sverigedemokraterna,1
200102,ek,i-F6Stwe8wVnSPa3BbgusszQ,moderata_samlingspartiet,83
200102,ek,i-Hm85EQfFmbYuYFPjpXtuCj,folkpartiet_liberalerna,18
200102,ek,i-Qha9NerKBigcjJXgoRk4Md,miljöpartiet,16
200102,ek,i-UiFZiVNo3YgVfyN93Qigiv,centerpartiet,22
200102,ek,i-VS8ddgxigwL5TceKtXGApS,socialdemokraterna,135
200203,ek,i-B79rKJX4ZV61ozevGt8JLL,kristdemokratiska_samhällspartiet,1
200203,ek,i-BRRSButj7zSqB1u7zD6hod,kristdemokraterna,33
200203,ek,i-CJb7bcc1eZcehvGarg8GpB,vänsterpartiet,30
200203,ek,i-F6Stwe8wVnSPa3BbgusszQ,moderata_samlingspartiet,57
200203,ek,i-Hm85EQfFmbYuYFPjpXtuCj,folkpartiet_liberalerna,48
200203,ek,i-Qha9NerKBigcjJXgoRk4Md,miljöpartiet,17
200203,ek,i-UiFZiVNo3YgVfyN93Qigiv,centerpartiet,26
200203,ek,i-VS8ddgxigwL5TceKtXGApS,socialdemokraterna,149
200304,ek,i-B79rKJX4ZV61ozevGt8JLL,kristdemokratiska_samhällspartiet,1
200304,ek,i-BRRSButj7zSqB1u7zD6hod,kristdemokraterna,33
200304,ek,i-CJb7bcc1eZcehvGarg8GpB,vänsterpartiet,29
200304,ek,i-Cb6hYmJf4EDxesFRgErquJ,sverigedemokraterna,1
200304,ek,i-F6Stwe8wVnSPa3BbgusszQ,moderata_samlingspartiet,57
200304,ek,i-Hm85EQfFmbYuYFPjpXtuCj,folkpartiet_liberalerna,48
200304,ek,i-Qha9NerKBigcjJXgoRk4Md,miljöpartiet,17
200304,ek,i-UiFZiVNo3YgVfyN93Qigiv,centerpartiet,26
200304,ek,i-VS8ddgxigwL5TceKtXGApS,socialdemokraterna,149
200405,ek,i-B79rKJX4ZV61ozevGt8JLL,kristdemokratiska_samhällspartiet,1
200405,ek,i-BRRSButj7zSqB1u7zD6hod,kristdemokraterna,33
200405,ek,i-CJb7bcc1eZcehvGarg8GpB,vänsterpartiet,29
200405,ek,i-Cb6hYmJf4EDxesFRgErquJ,sverigedemokraterna,1
200405,ek,i-F6Stwe8wVnSPa3BbgusszQ,moderata_samlingspartiet,57
200405,ek,i-Hm85EQfFmbYuYFPjpXtuCj,folkpartiet_liberalerna,48
200405,ek,i-Qha9NerKBigcjJXgoRk4Md,miljöpartiet,17
200405,ek,i-UiFZiVNo3YgVfyN93Qigiv,centerpartiet,26
200405,ek,i-VS8ddgxigwL5TceKtXGApS,socialdemokraterna,149
200506,ek,i-B79rKJX4ZV61ozevGt8JLL,kristdemokratiska_samhällspartiet,1
200506,ek,i-BRRSButj7zSqB1u7zD6hod,kristdemokraterna,33
200506,ek,i-CJb7bcc1eZcehvGarg8GpB,vänsterpartiet,28
200506,ek,i-Cb6hYmJf4EDxesFRgErquJ,sverigedemokraterna,1
200506,ek,i-F6Stwe8wVnSPa3BbgusszQ,moderata_samlingspartiet,57
200506,ek,i-Hm85EQfFmbYuYFPjpXtuCj,folkpartiet_liberalerna,48
200506,ek,i-Qha9NerKBigcjJXgoRk4Md,miljöpartiet,18
200506,ek,i-UiFZiVNo3YgVfyN93Qigiv,centerpartiet,26
200506,ek,i-VS8ddgxigwL5TceKtXGApS,socialdemokraterna,149
200607,ek,i-B79rKJX4ZV61ozevGt8JLL,kristdemokratiska_samhällspartiet,1
200607,ek,i-BRRSButj7zSqB1u7zD6hod,kristdemokraterna,24
200607,ek,i-CJb7bcc1eZcehvGarg8GpB,vänsterpartiet,22
200607,ek,i-Cb6hYmJf4EDxesFRgErquJ,sverigedemokraterna,1
200607,ek,i-F6Stwe8wVnSPa3BbgusszQ,moderata_samlingspartiet,99
200607,ek,i-Hm85EQfFmbYuYFPjpXtuCj,folkpartiet_liberalerna,28
200607,ek,i-Qha9NerKBigcjJXgoRk4Md,miljöpartiet,19
200607,ek,i-UiFZiVNo3YgVfyN93Qigiv,centerpartiet,32
200607,ek,i-VS8ddgxigwL5TceKtXGApS,socialdemokraterna,135
200708,ek,i-B79rKJX4ZV61ozevGt8JLL,kristdemokratiska_samhällspartiet,1
200708,ek,i-BRRSButj7zSqB1u7zD6hod,kristdemokraterna,24
200708,ek,i-CJb7bcc1eZcehvGarg8GpB,vänsterpartiet,22
200708,ek,i-Cb6hYmJf4EDxesFRgErquJ,sverigedemokraterna,1
200708,ek,i-F6Stwe8wVnSPa3BbgusszQ,moderata_samlingspartiet,99
200708,ek,i-Hm85EQfFmbYuYFPjpXtuCj,folkpartiet_liberalerna,28
200708,ek,i-Qha9NerKBigcjJXgoRk4Md,miljöpartiet,19
200708,ek,i-UiFZiVNo3YgVfyN93Qigiv,centerpartiet,32
200708,ek,i-VS8ddgxigwL5TceKtXGApS,socialdemokraterna,135
200809,ek,i-B79rKJX4ZV61ozevGt8JLL,kristdemokratiska_samhällspartiet,1
200809,ek,i-BRRSButj7zSqB1u7zD6hod,kristdemokraterna,24
200809,ek,i-CJb7bcc1eZcehvGarg8GpB,vänsterpartiet,22
200809,ek,i-Cb6hYmJf4EDxesFRgErquJ,sverigedemokraterna,1
200809,ek,i-F6Stwe8wVnSPa3BbgusszQ,moderata_samlingspartiet,99
200809,ek,i-Hm85EQfFmbYuYFPjpXtuCj,folkpartiet_liberalerna,28
200809,ek,i-Qha9NerKBigcjJXgoRk4Md,miljöpartiet,19
200809,ek,i-UiFZiVNo3YgVfyN93Qigiv,centerpartiet,32
200809,ek,i-VS8ddgxigwL5TceKtXGApS,socialdemokraterna,135
200910,ek,i-B79rKJX4ZV61ozevGt8JLL,kristdemokratiska_samhällspartiet,1
200910,ek,i-BRRSButj7zSqB1u7zD6hod,kristdemokraterna,24
200910,ek,i-CJb7bcc1eZcehvGarg8GpB,vänsterpartiet,22
200910,ek,i-Cb6hYmJf4EDxesFRgErquJ,sverigedemokraterna,1
200910,ek,i-F6Stwe8wVnSPa3BbgusszQ,moderata_samlingspartiet,99
200910,ek,i-Hm85EQfFmbYuYFPjpXtuCj,folkpartiet_liberalerna,28
200910,ek,i-Qha9NerKBigcjJXgoRk4Md,miljöpartiet,19
200910,ek,i-UiFZiVNo3YgVfyN93Qigiv,centerpartiet,32
200910,ek,i-VS8ddgxigwL5TceKtXGApS,socialdemokraterna,135
201011,ek,i-B79rKJX4ZV61ozevGt8JLL,kristdemokratiska_samhällspartiet,1
201011,ek,i-BRRSButj7zSqB1u7zD6hod,kristdemokraterna,19
201011,ek,i-CJb7bcc1eZcehvGarg8GpB,vänsterpartiet,19
201011,ek,i-Cb6hYmJf4EDxesFRgErquJ,sverigedemokraterna,21
201011,ek,i-F6Stwe8wVnSPa3BbgusszQ,moderata_samlingspartiet,109
201011,ek,i-Hm85EQfFmbYuYFPjpXtuCj,folkpartiet_liberalerna,24
201011,ek,i-Qha9NerKBigcjJXgoRk4Md,miljöpartiet,25
201011,ek,i-UiFZiVNo3YgVfyN93Qigiv,centerpartiet,26
201011,ek,i-VS8ddgxigwL5TceKtXGApS,socialdemokraterna,117
201112,ek,i-851f4cdfa36f4dbab4b24855a1eb43ce,utan_partibeteckning,1
201112,ek,i-B79rKJX4ZV61ozevGt8JLL,kristdemokratiska_samhällspartiet,1
201112,ek,i-BRRSButj7zSqB1u7zD6hod,kristdemokraterna,19
201112,ek,i-CJb7bcc1eZcehvGarg8GpB,vänsterpartiet,19
201112,ek,i-Cb6hYmJf4EDxesFRgErquJ,sverigedemokraterna,20
201112,ek,i-F6Stwe8wVnSPa3BbgusszQ,moderata_samlingspartiet,109
201112,ek,i-Hm85EQfFmbYuYFPjpXtuCj,folkpartiet_liberalerna,24
201112,ek,i-Qha9NerKBigcjJXgoRk4Md,miljöpartiet,25
201112,ek,i-UiFZiVNo3YgVfyN93Qigiv,centerpartiet,26
201112,ek,i-VS8ddgxigwL5TceKtXGApS,socialdemokraterna,117
201213,ek,i-B79rKJX4ZV61ozevGt8JLL,kristdemokratiska_samhällspartiet,1
201213,ek,i-BRRSButj7zSqB1u7zD6hod,kristdemokraterna,19
201213,ek,i-CJb7bcc1eZcehvGarg8GpB,vänsterpartiet,19
201213,ek,i-Cb6hYmJf4EDxesFRgErquJ,sverigedemokraterna,21
201213,ek,i-F6Stwe8wVnSPa3BbgusszQ,moderata_samlingspartiet,109
201213,ek,i-Hm85EQfFmbYuYFPjpXtuCj,folkpartiet_liberalerna,24
201213,ek,i-Qha9NerKBigcjJXgoRk4Md,miljöpartiet,25
201213,ek,i-UiFZiVNo3YgVfyN93Qigiv,centerpartiet,26
201213,ek,i-VS8ddgxigwL5TceKtXGApS,socialdemokraterna,117
201314,ek,i-B79rKJX4ZV61ozevGt8JLL,kristdemokratiska_samhällspartiet,1
201314,ek,i-BRRSButj7zSqB1u7zD6hod,kristdemokraterna,19
201314,ek,i-CJb7bcc1eZcehvGarg8GpB,vänsterpartiet,19
201314,ek,i-Cb6hYmJf4EDxesFRgErquJ,sverigedemokraterna,21
201314,ek,i-F6Stwe8wVnSPa3BbgusszQ,moderata_samlingspartiet,109
201314,ek,i-Hm85EQfFmbYuYFPjpXtuCj,folkpartiet_liberalerna,24
201314,ek,i-Qha9NerKBigcjJXgoRk4Md,miljöpartiet,25
201314,ek,i-UiFZiVNo3YgVfyN93Qigiv,centerpartiet,26
201314,ek,i-VS8ddgxigwL5TceKtXGApS,socialdemokraterna,117
201415,ek,i-B79rKJX4ZV61ozevGt8JLL,kristdemokratiska_samhällspartiet,1
201415,ek,i-BRRSButj7zSqB1u7zD6hod,kristdemokraterna,16
201415,ek,i-CJb7bcc1eZcehvGarg8GpB,vänsterpartiet,21
201415,ek,i-Cb6hYmJf4EDxesFRgErquJ,sverigedemokraterna,50
201415,ek,i-F6Stwe8wVnSPa3BbgusszQ,moderata_samlingspartiet,86
201415,ek,i-Hm85EQfFmbYuYFPjpXtuCj,folkpartiet_liberalerna,19
201415,ek,i-Qha9NerKBigcjJXgoRk4Md,miljöpartiet,25
201415,ek,i-UiFZiVNo3YgVfyN93Qigiv,centerpartiet,25
201415,ek,i-VS8ddgxigwL5TceKtXGApS,socialdemokraterna,118
201516,ek,i-B79rKJX4ZV61ozevGt8JLL,kristdemokratiska_samhällspartiet,1
201516,ek,i-BRRSButj7zSqB1u7zD6hod,kristdemokraterna,16
201516,ek,i-CJb7bcc1eZcehvGarg8GpB,vänsterpartiet,21
201516,ek,i-Cb6hYmJf4EDxesFRgErquJ,sverigedemokraterna,49
201516,ek,i-F6Stwe8wVnSPa3BbgusszQ,moderata_samlingspartiet,86
201516,ek,i-Kpkv9BSujEEJp1S4rDiDt7,liberalerna,19
201516,ek,i-Qha9NerKBigcjJXgoRk4Md,miljöpartiet,25
201516,ek,i-UiFZiVNo3YgVfyN93Qigiv,centerpartiet,25
201516,ek,i-VS8ddgxigwL5TceKtXGApS,socialdemokraterna,118
201617,ek,i-B79rKJX4ZV61ozevGt8JLL,kristdemokratiska_samhällspartiet,1
201617,ek,i-BRRSButj7zSqB1u7zD6hod,kristdemokraterna,16
201617,ek,i-CJb7bcc1eZcehvGarg8GpB,vänsterpartiet,21
201617,ek,i-Cb6hYmJf4EDxesFRgErquJ,sverigedemokraterna,48
201617,ek,i-F6Stwe8wVnSPa3BbgusszQ,moderata_samlingspartiet,86
201617,ek,i-Kpkv9BSujEEJp1S4rDiDt7,liberalerna,19
201617,ek,i-Qha9NerKBigcjJXgoRk4Md,miljöpartiet,25
201617,ek,i-UiFZiVNo3YgVfyN93Qigiv,centerpartiet,25
201617,ek,i-VS8ddgxigwL5TceKtXGApS,socialdemokraterna,118
201718,ek,i-B79rKJX4ZV61ozevGt8JLL,kristdemokratiska_samhällspartiet,1
201718,ek,i-BRRSButj7zSqB1u7zD6hod,kristdemokraterna,16
201718,ek,i-CJb7bcc1eZcehvGarg8GpB,vänsterpartiet,21
201718,ek,i-Cb6hYmJf4EDxesFRgErquJ,sverigedemokraterna,48
201718,ek,i-F6Stwe8wVnSPa3BbgusszQ,moderata_samlingspartiet,85
201718,ek,i-Kpkv9BSujEEJp1S4rDiDt7,liberalerna,19
201718,ek,i-Qha9NerKBigcjJXgoRk4Md,miljöpartiet,25
201718,ek,i-UiFZiVNo3YgVfyN93Qigiv,centerpartiet,25
201718,ek,i-VS8ddgxigwL5TceKtXGApS,socialdemokraterna,118
201819,ek,i-B79rKJX4ZV61ozevGt8JLL,kristdemokratiska_samhällspartiet,1
201819,ek,i-BRRSButj7zSqB1u7zD6hod,kristdemokraterna,22
201819,ek,i-CJb7bcc1eZcehvGarg8GpB,vänsterpartiet,28
201819,ek,i-Cb6hYmJf4EDxesFRgErquJ,sverigedemokraterna,63
201819,ek,i-F6Stwe8wVnSPa3BbgusszQ,moderata_samlingspartiet,72
201819,ek,i-Kpkv9BSujEEJp1S4rDiDt7,liberalerna,20
201819,ek,i-Qha9NerKBigcjJXgoRk4Md,miljöpartiet,16
201819,ek,i-UiFZiVNo3YgVfyN93Qigiv,centerpartiet,34
201819,ek,i-VS8ddgxigwL5TceKtXGApS,socialdemokraterna,105
201920,ek,i-851f4cdfa36f4dbab4b24855a1eb43ce,utan_partibeteckning,1
201920,ek,i-B79rKJX4ZV61ozevGt8JLL,kristdemokratiska_samhällspartiet,1
201920,ek,i-BRRSButj7zSqB1u7zD6hod,kristdemokraterna,22
201920,ek,i-CJb7bcc1eZcehvGarg8GpB,vänsterpartiet,27
201920,ek,i-Cb6hYmJf4EDxesFRgErquJ,sverigedemokraterna,63
201920,ek,i-F6Stwe8wVnSPa3BbgusszQ,moderata_samlingspartiet,72
201920,ek,i-Kpkv9BSujEEJp1S4rDiDt7,liberalerna,19
201920,ek,i-Qha9NerKBigcjJXgoRk4Md,miljöpartiet,16
201920,ek,i-UiFZiVNo3YgVfyN93Qigiv,centerpartiet,34
201920,ek,i-VS8ddgxigwL5TceKtXGApS,socialdemokraterna,105
202021,ek,i-851f4cdfa36f4dbab4b24855a1eb43ce,utan_partibeteckning,1
202021,ek,i-B79rKJX4ZV61ozevGt8JLL,kristdemokratiska_samhällspartiet,1
202021,ek,i-BRRSButj7zSqB1u7zD6hod,kristdemokraterna,22
202021,ek,i-CJb7bcc1eZcehvGarg8GpB,vänsterpartiet,27
202021,ek,i-Cb6hYmJf4EDxesFRgErquJ,sverigedemokraterna,63
202021,ek,i-F6Stwe8wVnSPa3BbgusszQ,moderata_samlingspartiet,72
202021,ek,i-Kpkv9BSujEEJp1S4rDiDt7,liberalerna,19
202021,ek,i-Qha9NerKBigcjJXgoRk4Md,miljöpartiet,16
202021,ek,i-UiFZiVNo3YgVfyN93Qigiv,centerpartiet,34
202021,ek,i-VS8ddgxigwL5TceKtXGApS,socialdemokraterna,105
202122,ek,i-B79rKJX4ZV61ozevGt8JLL,kristdemokratiska_samhällspartiet,1
202122,ek,i-BRRSButj7zSqB1u7zD6hod,kristdemokraterna,22
202122,ek,i-CJb7bcc1eZcehvGarg8GpB,vänsterpartiet,27
202122,ek,i-Cb6hYmJf4EDxesFRgErquJ,sverigedemokraterna,63
202122,ek,i-F6Stwe8wVnSPa3BbgusszQ,moderata_samlingspartiet,72
202122,ek,i-Kpkv9BSujEEJp1S4rDiDt7,liberalerna,20
202122,ek,i-Qha9NerKBigcjJXgoRk4Md,miljöpartiet,16
202122,ek,i-UiFZiVNo3YgVfyN93Qigiv,centerpartiet,34
202122,ek,i-VS8ddgxigwL5TceKtXGApS,socialdemokraterna,105
202223,ek,i-B79rKJX4ZV61ozevGt8JLL,kristdemokratiska_samhällspartiet,1
202223,ek,i-BRRSButj7zSqB1u7zD6hod,kristdemokraterna,19
202223,ek,i-CJb7bcc1eZcehvGarg8GpB,vänsterpartiet,24
202223,ek,i-Cb6hYmJf4EDxesFRgErquJ,sverigedemokraterna,75
202223,ek,i-F6Stwe8wVnSPa3BbgusszQ,moderata_samlingspartiet,70
202223,ek,i-Kpkv9BSujEEJp1S4rDiDt7,liberalerna,16
202223,ek,i-Qha9NerKBigcjJXgoRk4Md,miljöpartiet,18
202223,ek,i-UiFZiVNo3YgVfyN93Qigiv,centerpartiet,27
202223,ek,i-VS8ddgxigwL5TceKtXGApS,socialdemokraterna,111
